MONTH_ORDER,START_DATE,END_DATE,TRANSACTION_FINAL_COUNT,NET_SALES_FINAL_USD_AMOUNT
1712,24-04-2019,24-04-2019,48226,793402.1900000003
1711,25-04-2019,25-04-2019,56076,971223.3200000006
1710,26-04-2019,26-04-2019,69586,1267928.9900000012
1709,27-04-2019,27-04-2019,61554,1173166.81
1708,28-04-2019,28-04-2019,56734,1090746.4499999995
1707,29-04-2019,29-04-2019,46723,725760.2500000002
1706,30-04-2019,30-04-2019,51525,817977.2199999997
1705,01-05-2019,01-05-2019,51361,846694.5299999998
1704,02-05-2019,02-05-2019,54117,917898.4800000006
1703,03-05-2019,03-05-2019,71050,1305200.9100000001
1702,04-05-2019,04-05-2019,64496,1268522.369999999
1701,05-05-2019,05-05-2019,54054,1031683.54
1700,06-05-2019,06-05-2019,46444,733618.6400000002
1699,07-05-2019,07-05-2019,47479,752391.5799999997
1698,08-05-2019,08-05-2019,48512,804221.0100000004
1697,09-05-2019,09-05-2019,52843,915618.2499999998
1696,10-05-2019,10-05-2019,69174,1313874.39
1695,11-05-2019,11-05-2019,59828,1168534.6800000009
1694,12-05-2019,12-05-2019,50797,1045964.4199999999
1693,13-05-2019,13-05-2019,45443,719228.1199999999
1692,14-05-2019,14-05-2019,48842,781581.2800000003
1691,15-05-2019,15-05-2019,48555,807002.0899999999
1690,16-05-2019,16-05-2019,54671,948812.6499999994
1689,17-05-2019,17-05-2019,69678,1289439.0400000003
1688,18-05-2019,18-05-2019,61921,1221699.4899999993
1687,19-05-2019,19-05-2019,57414,1144587.8199999998
1686,20-05-2019,20-05-2019,46708,740716.6000000001
1685,21-05-2019,21-05-2019,48215,763548.0700000003
1684,22-05-2019,22-05-2019,48189,796761.9500000005
1683,23-05-2019,23-05-2019,55335,962598.8499999995
1682,24-05-2019,24-05-2019,67949,1253427.4000000004
1681,25-05-2019,25-05-2019,57875,1110169.9599999995
1680,26-05-2019,26-05-2019,54109,1043063.9500000005
1679,27-05-2019,27-05-2019,47955,862060.0400000005
1678,28-05-2019,28-05-2019,45436,707086.7700000004
1677,29-05-2019,29-05-2019,47269,771318.8600000005
1676,30-05-2019,30-05-2019,57484,1007126.1200000002
1675,31-05-2019,31-05-2019,68641,1261869.45
1674,01-06-2019,01-06-2019,60395,1171801.93
1673,02-06-2019,02-06-2019,57570,1118478.2000000002
1672,03-06-2019,03-06-2019,49143,772959.6400000001
1671,04-06-2019,04-06-2019,49112,778065.64
1670,05-06-2019,05-06-2019,50736,871097.6999999993
1669,06-06-2019,06-06-2019,55743,954098.3100000004
1668,07-06-2019,07-06-2019,69293,1282405.6499999992
1667,08-06-2019,08-06-2019,59836,1132594.7299999997
1666,09-06-2019,09-06-2019,56299,1076907.25
1665,10-06-2019,10-06-2019,51902,840766.78
1664,11-06-2019,11-06-2019,49037,774864.3900000001
1663,12-06-2019,12-06-2019,50054,821102.0099999999
1662,13-06-2019,13-06-2019,59376,1059354.1800000009
1661,14-06-2019,14-06-2019,69025,1253753.63
1660,15-06-2019,15-06-2019,58605,1123718.5800000008
1659,16-06-2019,16-06-2019,50907,1042463.8999999999
1658,17-06-2019,17-06-2019,47198,752655.4700000001
1657,18-06-2019,18-06-2019,48531,772811.6
1656,19-06-2019,19-06-2019,48621,799980.2499999997
1655,20-06-2019,20-06-2019,56811,951934.2499999999
1654,21-06-2019,21-06-2019,66668,1221332.3099999996
1653,22-06-2019,22-06-2019,59589,1130050.5299999998
1652,23-06-2019,23-06-2019,55552,1062022.4300000006
1651,24-06-2019,24-06-2019,47434,747956.17
1650,25-06-2019,25-06-2019,49081,769328.9500000009
1649,26-06-2019,26-06-2019,49471,807366.6099999998
1648,27-06-2019,27-06-2019,54681,928421.0200000005
1647,28-06-2019,28-06-2019,68311,1251927.4599999988
1646,29-06-2019,29-06-2019,60654,1156211.2000000007
1645,30-06-2019,30-06-2019,56860,1075091.2600000005
1644,01-07-2019,01-07-2019,49577,797472.86
1643,02-07-2019,02-07-2019,51072,827965.8699999998
1642,03-07-2019,03-07-2019,57650,1002696.3300000004
1641,04-07-2019,04-07-2019,44377,850600.5799999998
1640,05-07-2019,05-07-2019,58796,1068298.37
1639,06-07-2019,06-07-2019,57704,1107408.4000000004
1638,07-07-2019,07-07-2019,55422,1078783.6500000001
1637,08-07-2019,08-07-2019,47435,754841.1299999999
1636,09-07-2019,09-07-2019,48167,766999.2700000004
1635,10-07-2019,10-07-2019,49059,812561.2700000003
1634,11-07-2019,11-07-2019,54689,933355.98
1633,12-07-2019,12-07-2019,66482,1224714.0199999998
1632,13-07-2019,13-07-2019,59723,1135155.460000001
1631,14-07-2019,14-07-2019,55585,1063954.3100000003
1630,15-07-2019,15-07-2019,50532,784517.9099999999
1629,16-07-2019,16-07-2019,51897,800945.9599999997
1628,17-07-2019,17-07-2019,51006,812335.0499999998
1627,18-07-2019,18-07-2019,55849,939361.0700000004
1626,19-07-2019,19-07-2019,69423,1259777.4499999993
1625,20-07-2019,20-07-2019,62414,1182979.2399999998
1624,21-07-2019,21-07-2019,57789,1074853.6500000008
1623,22-07-2019,22-07-2019,50365,783174.5099999994
1622,23-07-2019,23-07-2019,51850,805571.63
1621,24-07-2019,24-07-2019,51792,827697.2000000003
1620,25-07-2019,25-07-2019,57287,960735.5399999999
1619,26-07-2019,26-07-2019,69324,1252087.03
1618,27-07-2019,27-07-2019,62193,1164704.1700000016
1617,28-07-2019,28-07-2019,58170,1081568.5599999998
1616,29-07-2019,29-07-2019,90457,1314459.7
1615,30-07-2019,30-07-2019,52997,846482.1999999996
1614,31-07-2019,31-07-2019,52320,868073.6700000003
1613,01-08-2019,01-08-2019,57393,998968.1500000005
1612,02-08-2019,02-08-2019,68627,1268856.8700000013
1611,03-08-2019,03-08-2019,61169,1163497.2
1610,04-08-2019,04-08-2019,55887,1060053.9600000004
1609,05-08-2019,05-08-2019,50395,806997.7999999997
1608,06-08-2019,06-08-2019,50253,802958.6099999995
1607,07-08-2019,07-08-2019,49688,804767.2000000001
1606,08-08-2019,08-08-2019,55516,962784.4300000002
1605,09-08-2019,09-08-2019,67146,1242484.8799999997
1604,10-08-2019,10-08-2019,59594,1143181.2800000005
1603,11-08-2019,11-08-2019,54178,1038267.4900000008
1602,12-08-2019,12-08-2019,47026,737653.5599999998
1601,13-08-2019,13-08-2019,48811,762724.2200000002
1600,14-08-2019,14-08-2019,48875,788446.7000000003
1599,15-08-2019,15-08-2019,55899,957924.7200000001
1598,16-08-2019,16-08-2019,69400,1267439.589999999
1597,17-08-2019,17-08-2019,64108,1227535.1099999999
1596,18-08-2019,18-08-2019,56122,1055057.8299999998
1595,19-08-2019,19-08-2019,46274,724417.3899999998
1594,20-08-2019,20-08-2019,47640,744131.9900000005
1593,21-08-2019,21-08-2019,47056,745333.4699999997
1592,22-08-2019,22-08-2019,53056,892398.3999999994
1591,23-08-2019,23-08-2019,69363,1259935.7700000003
1590,24-08-2019,24-08-2019,62671,1205811.5699999998
1589,25-08-2019,25-08-2019,55944,1057656.4000000001
1588,26-08-2019,26-08-2019,44878,694881.65
1587,27-08-2019,27-08-2019,46126,711462.4599999998
1586,28-08-2019,28-08-2019,47923,749654.9999999992
1585,29-08-2019,29-08-2019,55650,938014.6899999997
1584,30-08-2019,30-08-2019,72098,1303646.0300000003
1583,31-08-2019,31-08-2019,62734,1196690.7499999988
1582,01-09-2019,01-09-2019,56400,1068060.6099999994
1581,02-09-2019,02-09-2019,50051,894860.05
1580,03-09-2019,03-09-2019,44686,681140.86
1579,04-09-2019,04-09-2019,46885,719524.6899999996
1578,05-09-2019,05-09-2019,57585,1003187.8000000005
1577,06-09-2019,06-09-2019,72111,1289466.4799999993
1576,07-09-2019,07-09-2019,69270,1333206.31
1575,08-09-2019,08-09-2019,67050,1346888.4399999992
1574,09-09-2019,09-09-2019,49089,779972.0300000004
1573,10-09-2019,10-09-2019,49091,756485.8500000006
1572,11-09-2019,11-09-2019,49411,769454.06
1571,12-09-2019,12-09-2019,55834,942810.3599999999
1570,13-09-2019,13-09-2019,73496,1323209.01
1569,14-09-2019,14-09-2019,68348,1303612.9100000006
1568,15-09-2019,15-09-2019,66247,1302546.7
1567,16-09-2019,16-09-2019,49462,765824.32
1566,17-09-2019,17-09-2019,49177,753364.4399999998
1565,18-09-2019,18-09-2019,50571,788575.2900000003
1564,19-09-2019,19-09-2019,55164,918799.4000000001
1563,20-09-2019,20-09-2019,74635,1347159.3400000003
1562,21-09-2019,21-09-2019,69923,1350380.6900000004
1561,22-09-2019,22-09-2019,65934,1300363.310000001
1560,23-09-2019,23-09-2019,49810,779370.4799999997
1559,24-09-2019,24-09-2019,50412,775599.0099999999
1558,25-09-2019,25-09-2019,52004,831321.2000000001
1557,26-09-2019,26-09-2019,59439,1018152.4699999996
1556,27-09-2019,27-09-2019,75957,1368621.5700000008
1555,28-09-2019,28-09-2019,71300,1384096.340000001
1554,29-09-2019,29-09-2019,68244,1373920.1199999992
1553,30-09-2019,30-09-2019,52024,804748.14
1552,01-10-2019,01-10-2019,53892,813794.8400000004
1551,02-10-2019,02-10-2019,52086,826512.7300000003
1550,03-10-2019,03-10-2019,58596,997917.5300000004
1549,04-10-2019,04-10-2019,75256,1360028.9500000007
1548,05-10-2019,05-10-2019,69235,1307375.7899999993
1547,06-10-2019,06-10-2019,64483,1264419.7499999993
1546,07-10-2019,07-10-2019,48636,759676.5899999999
1545,08-10-2019,08-10-2019,49101,756249.2099999998
1544,09-10-2019,09-10-2019,50016,801401.2499999998
1543,10-10-2019,10-10-2019,57458,975462.8899999995
1542,11-10-2019,11-10-2019,73728,1335028.3499999994
1541,12-10-2019,12-10-2019,69402,1329800.5600000017
1540,13-10-2019,13-10-2019,64600,1268640.5199999996
1539,14-10-2019,14-10-2019,50145,801783.7800000001
1538,15-10-2019,15-10-2019,49446,766785.4799999997
1537,16-10-2019,16-10-2019,50738,809438.2899999999
1536,17-10-2019,17-10-2019,58045,989225.8300000004
1535,18-10-2019,18-10-2019,75912,1382813.66
1534,19-10-2019,19-10-2019,69864,1334989.459999999
1533,20-10-2019,20-10-2019,64779,1280297.0599999996
1532,21-10-2019,21-10-2019,49063,762062.7200000002
1531,22-10-2019,22-10-2019,52112,836114.9999999998
1530,23-10-2019,23-10-2019,50406,806660.6199999996
1529,24-10-2019,24-10-2019,56299,952632.800000001
1528,25-10-2019,25-10-2019,73823,1346324.93
1527,26-10-2019,26-10-2019,66740,1281793.96
1526,27-10-2019,27-10-2019,63827,1229949.6699999997
1525,28-10-2019,28-10-2019,48606,754966.1699999998
1524,29-10-2019,29-10-2019,52065,826205.5799999998
1523,30-10-2019,30-10-2019,52237,861034.8200000004
1522,31-10-2019,31-10-2019,62444,1151488.31
1521,01-11-2019,01-11-2019,75371,1385958.4399999985
1520,02-11-2019,02-11-2019,72753,1450118.6399999992
1519,03-11-2019,03-11-2019,62505,1208891.1900000009
1518,04-11-2019,04-11-2019,52163,832392.8900000001
1517,05-11-2019,05-11-2019,49597,767654.4499999994
1516,06-11-2019,06-11-2019,50211,787267.0900000004
1515,07-11-2019,07-11-2019,56641,953637.2499999998
1514,08-11-2019,08-11-2019,73377,1328035.57
1513,09-11-2019,09-11-2019,69815,1314754.7200000002
1512,10-11-2019,10-11-2019,66002,1237787.76
1511,11-11-2019,11-11-2019,53866,800710.6799999996
1510,12-11-2019,12-11-2019,45656,703695.3300000001
1509,13-11-2019,13-11-2019,47163,741726.5899999997
1508,14-11-2019,14-11-2019,55085,943480.8399999995
1507,15-11-2019,15-11-2019,74063,1353983.9299999992
1506,16-11-2019,16-11-2019,66730,1287970.1300000006
1505,17-11-2019,17-11-2019,63775,1246015.61
1504,18-11-2019,18-11-2019,48122,760917.5900000002
1503,19-11-2019,19-11-2019,48380,753086.0099999997
1502,20-11-2019,20-11-2019,48863,782380.0500000002
1501,21-11-2019,21-11-2019,55851,949560.1800000005
1500,22-11-2019,22-11-2019,71948,1316304.8099999996
1499,23-11-2019,23-11-2019,68671,1315466.4599999997
1498,24-11-2019,24-11-2019,64517,1262643.9799999995
1497,25-11-2019,25-11-2019,52125,836034.5300000003
1496,26-11-2019,26-11-2019,54763,890027.4299999999
1495,27-11-2019,27-11-2019,57314,1039275.5299999996
1494,28-11-2019,28-11-2019,8438,112998.37000000001
1493,29-11-2019,29-11-2019,54815,1039819.1900000003
1492,30-11-2019,30-11-2019,63049,1238609.3800000015
1491,01-12-2019,01-12-2019,60447,1163632.09
1490,02-12-2019,02-12-2019,48462,762515.9400000004
1489,03-12-2019,03-12-2019,50293,777877.0899999997
1488,04-12-2019,04-12-2019,50603,798314.96
1487,05-12-2019,05-12-2019,59188,1020728.650000001
1486,06-12-2019,06-12-2019,73698,1336540.25
1485,07-12-2019,07-12-2019,70108,1350946.6500000006
1484,08-12-2019,08-12-2019,62442,1205680.4800000004
1483,09-12-2019,09-12-2019,48812,760172.6699999997
1482,10-12-2019,10-12-2019,49718,776511.7400000003
1481,11-12-2019,11-12-2019,50344,799905.4200000004
1480,12-12-2019,12-12-2019,56897,971086.8300000001
1479,13-12-2019,13-12-2019,71529,1320286.2400000012
1478,14-12-2019,14-12-2019,66280,1297490.68
1477,15-12-2019,15-12-2019,61828,1226735.9299999995
1476,16-12-2019,16-12-2019,50464,807930.7799999998
1475,17-12-2019,17-12-2019,50570,811418.6199999995
1474,18-12-2019,18-12-2019,51257,843803.2000000001
1473,19-12-2019,19-12-2019,58044,1021729.360000001
1472,20-12-2019,20-12-2019,69856,1332592.6300000008
1471,21-12-2019,21-12-2019,65329,1269932.3500000008
1470,22-12-2019,22-12-2019,63630,1251904.650000001
1469,23-12-2019,23-12-2019,60218,1032577.6999999991
1468,24-12-2019,24-12-2019,39542,734996.0700000001
1467,25-12-2019,25-12-2019,6773,66606.62999999999
1466,26-12-2019,26-12-2019,57481,1050699.0999999996
1465,27-12-2019,27-12-2019,67166,1250317.83
1464,28-12-2019,28-12-2019,67034,1341214.3700000006
1463,29-12-2019,29-12-2019,65024,1316068.540000001
1462,30-12-2019,30-12-2019,57347,970599.300000001
1461,31-12-2019,31-12-2019,59602,1263391.7499999995
1460,01-01-2020,01-01-2020,51666,1011040.4399999995
1459,02-01-2020,02-01-2020,51673,894867.6000000007
1458,03-01-2020,03-01-2020,64856,1196797.3699999999
1457,04-01-2020,04-01-2020,64560,1280657.659999999
1456,05-01-2020,05-01-2020,56060,1079476.7899999996
1455,06-01-2020,06-01-2020,46089,734838.1299999998
1454,07-01-2020,07-01-2020,46803,736096.9100000003
1453,08-01-2020,08-01-2020,46586,745666.6699999999
1452,09-01-2020,09-01-2020,52088,881980.2199999994
1451,10-01-2020,10-01-2020,70715,1316648.8500000006
1450,11-01-2020,11-01-2020,69385,1402254.109999999
1449,12-01-2020,12-01-2020,60723,1208392.6500000008
1448,13-01-2020,13-01-2020,50256,859494.7200000002
1447,14-01-2020,14-01-2020,46573,727548.4799999999
1446,15-01-2020,15-01-2020,47867,770312.0300000001
1445,16-01-2020,16-01-2020,53492,917825.1399999997
1444,17-01-2020,17-01-2020,70994,1322638.3900000004
1443,18-01-2020,18-01-2020,66977,1379967.9300000004
1442,19-01-2020,19-01-2020,66882,1399937.9200000002
1441,20-01-2020,20-01-2020,47523,795812.2899999996
1440,21-01-2020,21-01-2020,44632,696220.8299999995
1439,22-01-2020,22-01-2020,46007,751746.8000000005
1438,23-01-2020,23-01-2020,53014,904277.3999999998
1437,24-01-2020,24-01-2020,71708,1323919.0600000008
1436,25-01-2020,25-01-2020,64318,1247646.350000001
1435,26-01-2020,26-01-2020,57417,1121417.3600000003
1434,27-01-2020,27-01-2020,46110,729038.7699999994
1433,28-01-2020,28-01-2020,48811,765808.9000000001
1432,29-01-2020,29-01-2020,47614,779644.8599999998
1431,30-01-2020,30-01-2020,55127,954273.4799999993
1430,31-01-2020,31-01-2020,75646,1444430.7699999993
1429,01-02-2020,01-02-2020,68433,1371459.7299999997
1428,02-02-2020,02-02-2020,89855,2582146.2200000007
1427,03-02-2020,03-02-2020,46396,741418.8300000007
1426,04-02-2020,04-02-2020,47522,748014.6599999998
1425,05-02-2020,05-02-2020,46928,750375.4499999998
1424,06-02-2020,06-02-2020,52712,907668.98
1423,07-02-2020,07-02-2020,70977,1315298.9799999995
1422,08-02-2020,08-02-2020,66021,1304529.4199999995
1421,09-02-2020,09-02-2020,57590,1116697.16
1420,10-02-2020,10-02-2020,46334,730519.8499999995
1419,11-02-2020,11-02-2020,47834,751487.6900000009
1418,12-02-2020,12-02-2020,48538,793341.62
1417,13-02-2020,13-02-2020,54596,953311.9899999993
1416,14-02-2020,14-02-2020,82356,1653919.0000000005
1415,15-02-2020,15-02-2020,67506,1339569.8699999994
1414,16-02-2020,16-02-2020,62225,1229525.0199999986
1413,17-02-2020,17-02-2020,51414,854809.1600000001
1412,18-02-2020,18-02-2020,49354,783281.2999999996
1411,19-02-2020,19-02-2020,49658,812027.8000000005
1410,20-02-2020,20-02-2020,56834,996151.8500000002
1409,21-02-2020,21-02-2020,76026,1432588.9399999995
1408,22-02-2020,22-02-2020,72014,1469645.5500000005
1407,23-02-2020,23-02-2020,64246,1245275.3299999994
1406,24-02-2020,24-02-2020,52700,841823.6799999998
1405,25-02-2020,25-02-2020,56927,914812.8299999995
1404,26-02-2020,26-02-2020,58011,1009051.8399999995
1403,27-02-2020,27-02-2020,64499,1154148.3399999987
1402,28-02-2020,28-02-2020,80067,1521706.8500000006
1401,29-02-2020,29-02-2020,75447,1502562.3099999996
1400,01-03-2020,01-03-2020,68321,1354996.2400000014
1399,02-03-2020,02-03-2020,56034,907885.3500000001
1398,03-03-2020,03-03-2020,57681,940898.1699999999
1397,04-03-2020,04-03-2020,55725,952366.2400000002
1396,05-03-2020,05-03-2020,61494,1083490.2900000003
1395,06-03-2020,06-03-2020,77898,1467772.5799999998
1394,07-03-2020,07-03-2020,74469,1506596.5699999982
1393,08-03-2020,08-03-2020,68036,1356131.6300000006
1392,09-03-2020,09-03-2020,55475,906293.16
1391,10-03-2020,10-03-2020,56634,930633.9099999996
1390,11-03-2020,11-03-2020,55747,958143.5599999997
1389,12-03-2020,12-03-2020,61416,1105469.7100000004
1388,13-03-2020,13-03-2020,72289,1384123.2299999993
1387,14-03-2020,14-03-2020,65793,1343031.9800000004
1386,15-03-2020,15-03-2020,59515,1194345.1299999987
1385,16-03-2020,16-03-2020,49686,867368.1
1384,17-03-2020,17-03-2020,47484,856143.2099999993
1383,18-03-2020,18-03-2020,46061,875391.2800000001
1382,19-03-2020,19-03-2020,51221,1007847.2100000001
1381,20-03-2020,20-03-2020,63375,1370501.48
1380,21-03-2020,21-03-2020,66445,1528856.26
1379,22-03-2020,22-03-2020,53370,1214386.910000001
1378,23-03-2020,23-03-2020,47093,907330.5899999999
1377,24-03-2020,24-03-2020,50229,989260.2700000004
1376,25-03-2020,25-03-2020,48148,984461.9700000008
1375,26-03-2020,26-03-2020,53030,1094738.3900000006
1374,27-03-2020,27-03-2020,67350,1515866.6500000006
1373,28-03-2020,28-03-2020,64274,1495762.1099999996
1372,29-03-2020,29-03-2020,54977,1256898.5899999996
1371,30-03-2020,30-03-2020,48221,951666.6099999999
1370,31-03-2020,31-03-2020,52325,1036116.029999999
1369,01-04-2020,01-04-2020,50255,1050493.48
1368,02-04-2020,02-04-2020,52954,1106265.2700000007
1367,03-04-2020,03-04-2020,67142,1532659.54
1366,04-04-2020,04-04-2020,64495,1533524.5599999996
1365,05-04-2020,05-04-2020,55102,1285866.3599999994
1364,06-04-2020,06-04-2020,46475,924185.9500000007
1363,07-04-2020,07-04-2020,49345,992956.8200000001
1362,08-04-2020,08-04-2020,48051,1006155.1900000003
1361,09-04-2020,09-04-2020,54981,1172576.8500000003
1360,10-04-2020,10-04-2020,66430,1528735.6799999997
1359,11-04-2020,11-04-2020,64625,1524611.4099999997
1358,12-04-2020,12-04-2020,25308,602288.3899999999
1357,13-04-2020,13-04-2020,53465,1111369.6699999992
1356,14-04-2020,14-04-2020,57056,1198820.8199999998
1355,15-04-2020,15-04-2020,66250,1522091.760000001
1354,16-04-2020,16-04-2020,63334,1474399.1999999995
1353,17-04-2020,17-04-2020,74999,1815397.970000001
1352,18-04-2020,18-04-2020,73675,1830534.4799999995
1351,19-04-2020,19-04-2020,62957,1532564.4900000007
1350,20-04-2020,20-04-2020,57207,1194069.3299999996
1349,21-04-2020,21-04-2020,58176,1213995.6899999997
1348,22-04-2020,22-04-2020,55627,1210203.7500000005
1347,23-04-2020,23-04-2020,62987,1474527.2099999993
1346,24-04-2020,24-04-2020,75438,1814858.1100000006
1345,25-04-2020,25-04-2020,70504,1724848.6500000015
1344,26-04-2020,26-04-2020,62015,1453565.399999999
1343,27-04-2020,27-04-2020,55163,1125514.3799999997
1342,28-04-2020,28-04-2020,57696,1188154.2299999997
1341,29-04-2020,29-04-2020,57110,1225190.8099999994
1340,30-04-2020,30-04-2020,65076,1413542.85
1339,01-05-2020,01-05-2020,78390,1827151.479999999
1338,02-05-2020,02-05-2020,70430,1672173.949999999
1337,03-05-2020,03-05-2020,62769,1457200.150000001
1336,04-05-2020,04-05-2020,54276,1081495.0400000012
1335,05-05-2020,05-05-2020,51495,1010629.7599999997
1334,06-05-2020,06-05-2020,55546,1146923.98
1333,07-05-2020,07-05-2020,61683,1293181.769999999
1332,08-05-2020,08-05-2020,77252,1766586.4900000005
1331,09-05-2020,09-05-2020,71385,1685913.6100000006
1330,10-05-2020,10-05-2020,57639,1423102.78
1329,11-05-2020,11-05-2020,53901,1082319.7400000014
1328,12-05-2020,12-05-2020,57252,1154402.5500000007
1327,13-05-2020,13-05-2020,57293,1186272.439999999
1326,14-05-2020,14-05-2020,62391,1310712.3400000005
1325,15-05-2020,15-05-2020,78829,1814381.0399999998
1324,16-05-2020,16-05-2020,73105,1727852.5199999993
1323,17-05-2020,17-05-2020,64472,1490385.8000000003
1322,18-05-2020,18-05-2020,54574,1092330.8900000004
1321,19-05-2020,19-05-2020,56997,1143083.4099999997
1320,20-05-2020,20-05-2020,57097,1181205.1500000004
1319,21-05-2020,21-05-2020,62182,1298050.2099999995
1318,22-05-2020,22-05-2020,75945,1723200.1099999978
1317,23-05-2020,23-05-2020,67771,1561568.3699999987
1316,24-05-2020,24-05-2020,61552,1416398.9499999995
1315,25-05-2020,25-05-2020,54397,1157434.5100000007
1314,26-05-2020,26-05-2020,51830,1011204.1900000001
1313,27-05-2020,27-05-2020,54039,1093597.9999999998
1312,28-05-2020,28-05-2020,59111,1213231.7299999997
1311,29-05-2020,29-05-2020,74712,1668114.22
1310,30-05-2020,30-05-2020,68132,1567328.3200000008
1309,31-05-2020,31-05-2020,59347,1341178.9400000006
1308,01-06-2020,01-06-2020,49239,972546.41
1307,02-06-2020,02-06-2020,50544,1000300.8399999999
1306,03-06-2020,03-06-2020,53451,1092637.3099999996
1305,04-06-2020,04-06-2020,59672,1219348.0000000002
1304,05-06-2020,05-06-2020,72812,1602363.2900000007
1303,06-06-2020,06-06-2020,66588,1513251.5400000003
1302,07-06-2020,07-06-2020,61280,1358763.3200000005
1301,08-06-2020,08-06-2020,51849,1008670.0199999998
1300,09-06-2020,09-06-2020,53972,1060535.1799999988
1299,10-06-2020,10-06-2020,54538,1105150.06
1298,11-06-2020,11-06-2020,60017,1217435.3800000004
1297,12-06-2020,12-06-2020,72824,1603624.9499999997
1296,13-06-2020,13-06-2020,63751,1447767.69
1295,14-06-2020,14-06-2020,60898,1352965.3199999998
1294,15-06-2020,15-06-2020,52166,1010109.190000001
1293,16-06-2020,16-06-2020,53663,1036843.9700000001
1292,17-06-2020,17-06-2020,54564,1086878.6099999999
1291,18-06-2020,18-06-2020,59700,1206927.07
1290,19-06-2020,19-06-2020,72586,1595545.440000001
1289,20-06-2020,20-06-2020,63884,1428633.2099999997
1288,21-06-2020,21-06-2020,56635,1330226.6099999982
1287,22-06-2020,22-06-2020,52093,1004540.6900000002
1286,23-06-2020,23-06-2020,55643,1077567.4299999995
1285,24-06-2020,24-06-2020,55642,1110440.3500000008
1284,25-06-2020,25-06-2020,62239,1248571.8299999994
1283,26-06-2020,26-06-2020,76031,1652735.2299999988
1282,27-06-2020,27-06-2020,72642,1611431.8800000004
1281,28-06-2020,28-06-2020,67242,1457668.1300000006
1280,29-06-2020,29-06-2020,54580,1051212.6100000006
1279,30-06-2020,30-06-2020,57872,1127086.7
1278,01-07-2020,01-07-2020,58673,1168358.9500000002
1277,02-07-2020,02-07-2020,67672,1397388.010000001
1276,03-07-2020,03-07-2020,69913,1551205.1700000004
1275,04-07-2020,04-07-2020,49217,1114290.9900000002
1274,05-07-2020,05-07-2020,60636,1328837.7500000007
1273,06-07-2020,06-07-2020,55609,1086010.7300000002
1272,07-07-2020,07-07-2020,56678,1102097.9000000004
1271,08-07-2020,08-07-2020,57670,1145532.0500000003
1270,09-07-2020,09-07-2020,61726,1244132.5300000005
1269,10-07-2020,10-07-2020,76147,1657784.8799999987
1268,11-07-2020,11-07-2020,73374,1702211.9500000004
1267,12-07-2020,12-07-2020,65277,1437910.2699999998
1266,13-07-2020,13-07-2020,54543,1054822.34
1265,14-07-2020,14-07-2020,56219,1090580.919999999
1264,15-07-2020,15-07-2020,58400,1162709.5700000008
1263,16-07-2020,16-07-2020,63637,1270173.8099999996
1262,17-07-2020,17-07-2020,76583,1658621.31
1261,18-07-2020,18-07-2020,70364,1581248.5599999998
1260,19-07-2020,19-07-2020,65219,1432476.3099999994
1259,20-07-2020,20-07-2020,55235,1065056.6199999999
1258,21-07-2020,21-07-2020,57628,1111241.6899999995
1257,22-07-2020,22-07-2020,58466,1157239.8999999994
1256,23-07-2020,23-07-2020,64083,1303142.8800000018
1255,24-07-2020,24-07-2020,78467,1698866.9300000013
1254,25-07-2020,25-07-2020,71725,1599287.6100000003
1253,26-07-2020,26-07-2020,65208,1420439.2699999998
1252,27-07-2020,27-07-2020,56321,1081598.2400000002
1251,28-07-2020,28-07-2020,59423,1138239.8100000012
1250,29-07-2020,29-07-2020,90985,1641492.19
1249,30-07-2020,30-07-2020,67159,1360222.0299999998
1248,31-07-2020,31-07-2020,79423,1728271.9200000006
1247,01-08-2020,01-08-2020,72417,1624760.350000001
1246,02-08-2020,02-08-2020,66379,1450541.479999999
1245,03-08-2020,03-08-2020,56057,1082854.73
1244,04-08-2020,04-08-2020,57019,1095362.7199999995
1243,05-08-2020,05-08-2020,57764,1131161.3499999999
1242,06-08-2020,06-08-2020,62545,1241540.5499999998
1241,07-08-2020,07-08-2020,77396,1673831.6300000008
1240,08-08-2020,08-08-2020,70059,1556484.1099999994
1239,09-08-2020,09-08-2020,64465,1404953.700000001
1238,10-08-2020,10-08-2020,55024,1054040.2400000005
1237,11-08-2020,11-08-2020,55764,1056964.86
1236,12-08-2020,12-08-2020,56455,1102203.3499999996
1235,13-08-2020,13-08-2020,61561,1221791.6900000009
1234,14-08-2020,14-08-2020,76800,1667555.7800000003
1233,15-08-2020,15-08-2020,71227,1604774.7899999993
1232,16-08-2020,16-08-2020,64706,1414593.1699999992
1231,17-08-2020,17-08-2020,56874,1058943.730000001
1230,18-08-2020,18-08-2020,57354,1094574.0199999993
1229,19-08-2020,19-08-2020,56238,1090503.3400000005
1228,20-08-2020,20-08-2020,61112,1210012.6700000004
1227,21-08-2020,21-08-2020,76409,1649187.6400000008
1226,22-08-2020,22-08-2020,70658,1569960.1900000009
1225,23-08-2020,23-08-2020,65578,1416168.6599999997
1224,24-08-2020,24-08-2020,53683,997342.7800000005
1223,25-08-2020,25-08-2020,55483,1029796.8900000004
1222,26-08-2020,26-08-2020,54953,1056990.17
1221,27-08-2020,27-08-2020,58965,1156402.3599999999
1220,28-08-2020,28-08-2020,76621,1640047.05
1219,29-08-2020,29-08-2020,71337,1568331.0699999994
1218,30-08-2020,30-08-2020,64267,1378030.4700000018
1217,31-08-2020,31-08-2020,54122,1013958.5699999998
1216,01-09-2020,01-09-2020,55152,1048225.7200000001
1215,02-09-2020,02-09-2020,56297,1093963.21
1214,03-09-2020,03-09-2020,62556,1238057.8599999999
1213,04-09-2020,04-09-2020,78305,1704820.9199999997
1212,05-09-2020,05-09-2020,69344,1550944.070000001
1211,06-09-2020,06-09-2020,64565,1436676.8099999991
1210,07-09-2020,07-09-2020,58250,1214408.1099999999
1209,08-09-2020,08-09-2020,50072,934646.269999999
1208,09-09-2020,09-09-2020,52611,1012670.9700000003
1207,10-09-2020,10-09-2020,64795,1336480.51
1206,11-09-2020,11-09-2020,75138,1611354.2399999986
1205,12-09-2020,12-09-2020,72201,1610151.4000000008
1204,13-09-2020,13-09-2020,75285,1760285.6699999988
1203,14-09-2020,14-09-2020,52900,1010811.0000000003
1202,15-09-2020,15-09-2020,53753,1015204.1700000007
1201,16-09-2020,16-09-2020,53121,1016483.8899999997
1200,17-09-2020,17-09-2020,60816,1206078.4199999992
1199,18-09-2020,18-09-2020,77301,1676600.1399999994
1198,19-09-2020,19-09-2020,71724,1611289.659999999
1197,20-09-2020,20-09-2020,73962,1679439.7800000003
1196,21-09-2020,21-09-2020,53081,1024430.1900000002
1195,22-09-2020,22-09-2020,54377,1026652.8299999997
1194,23-09-2020,23-09-2020,55190,1069844.440000001
1193,24-09-2020,24-09-2020,61685,1216516.3800000008
1192,25-09-2020,25-09-2020,77408,1661122.0800000005
1191,26-09-2020,26-09-2020,75464,1720579.5100000005
1190,27-09-2020,27-09-2020,75342,1713688.6699999988
1189,28-09-2020,28-09-2020,54354,1021562.6400000005
1188,29-09-2020,29-09-2020,53790,1016118.4700000004
1187,30-09-2020,30-09-2020,56769,1123988.8600000003
1186,01-10-2020,01-10-2020,61782,1207748.41
1185,02-10-2020,02-10-2020,78076,1685549.73
1184,03-10-2020,03-10-2020,72123,1584239.74
1183,04-10-2020,04-10-2020,69506,1550138.36
1182,05-10-2020,05-10-2020,51228,956365.1700000003
1181,06-10-2020,06-10-2020,53396,1001717.0000000005
1180,07-10-2020,07-10-2020,53048,1015749.619999999
1179,08-10-2020,08-10-2020,59289,1161570.8999999997
1178,09-10-2020,09-10-2020,77495,1706096.889999999
1177,10-10-2020,10-10-2020,69611,1541943.81
1176,11-10-2020,11-10-2020,70194,1601236.129999999
1175,12-10-2020,12-10-2020,50009,943128.4099999997
1174,13-10-2020,13-10-2020,50665,936093.6200000001
1173,14-10-2020,14-10-2020,51544,990412.1599999993
1172,15-10-2020,15-10-2020,59178,1162881.3399999999
1171,16-10-2020,16-10-2020,75701,1626849.310000002
1170,17-10-2020,17-10-2020,72337,1622741.9800000004
1169,18-10-2020,18-10-2020,68426,1523387.0800000003
1168,19-10-2020,19-10-2020,53643,1024903.3099999996
1167,20-10-2020,20-10-2020,52887,986121.2699999997
1166,21-10-2020,21-10-2020,52897,1018982.11
1165,22-10-2020,22-10-2020,60816,1190450.21
1164,23-10-2020,23-10-2020,78418,1679273.2399999995
1163,24-10-2020,24-10-2020,73978,1651530.39
1162,25-10-2020,25-10-2020,69987,1562528.8299999996
1161,26-10-2020,26-10-2020,51436,960643.4999999991
1160,27-10-2020,27-10-2020,54426,1024514.1500000003
1159,28-10-2020,28-10-2020,52810,997224.9299999997
1158,29-10-2020,29-10-2020,60986,1184442.8299999996
1157,30-10-2020,30-10-2020,78802,1702446.800000001
1156,31-10-2020,31-10-2020,74388,1795256.1200000006
1155,01-11-2020,01-11-2020,70694,1579150.1200000015
1154,02-11-2020,02-11-2020,51537,957822.0099999998
1153,03-11-2020,03-11-2020,59379,1163370.6999999993
1152,04-11-2020,04-11-2020,53521,1022718.5699999998
1151,05-11-2020,05-11-2020,60202,1168308.3899999994
1150,06-11-2020,06-11-2020,77660,1648348.97
1149,07-11-2020,07-11-2020,75271,1667275.78
1148,08-11-2020,08-11-2020,69105,1519458.0199999996
1147,09-11-2020,09-11-2020,51102,934627.7700000004
1146,10-11-2020,10-11-2020,54118,1005784.69
1145,11-11-2020,11-11-2020,54341,1059773.17
1144,12-11-2020,12-11-2020,58628,1153093.47
1143,13-11-2020,13-11-2020,78312,1687037.1599999995
1142,14-11-2020,14-11-2020,72824,1600220.4300000002
1141,15-11-2020,15-11-2020,66976,1474848.009999999
1140,16-11-2020,16-11-2020,51043,946320.5099999994
1139,17-11-2020,17-11-2020,51699,958175.25
1138,18-11-2020,18-11-2020,52642,1012891.74
1137,19-11-2020,19-11-2020,60676,1204408.6399999997
1136,20-11-2020,20-11-2020,77547,1665496.4499999995
1135,21-11-2020,21-11-2020,72150,1609528.2000000011
1134,22-11-2020,22-11-2020,68835,1531752.64
1133,23-11-2020,23-11-2020,53384,1010922.4300000005
1132,24-11-2020,24-11-2020,56469,1084066.0900000003
1131,25-11-2020,25-11-2020,62590,1305949.6400000001
1130,26-11-2020,26-11-2020,6506,89041.98999999999
1129,27-11-2020,27-11-2020,57841,1230898.95
1128,28-11-2020,28-11-2020,74442,1740957.9300000006
1127,29-11-2020,29-11-2020,68133,1491521.3000000007
1126,30-11-2020,30-11-2020,54234,1021868.4299999992
1125,01-12-2020,01-12-2020,55610,1045736.72
1124,02-12-2020,02-12-2020,55511,1077623.0800000005
1123,03-12-2020,03-12-2020,60544,1181125.0899999994
1122,04-12-2020,04-12-2020,79933,1721567.12
1121,05-12-2020,05-12-2020,78187,1778475.4100000004
1120,06-12-2020,06-12-2020,70223,1549918.3400000003
1119,07-12-2020,07-12-2020,52123,982225.1699999992
1118,08-12-2020,08-12-2020,53932,1027066.7699999997
1117,09-12-2020,09-12-2020,53452,1027328.0299999992
1116,10-12-2020,10-12-2020,61874,1230638.8899999987
1115,11-12-2020,11-12-2020,80885,1749954.0300000007
1114,12-12-2020,12-12-2020,76527,1706461.7399999995
1113,13-12-2020,13-12-2020,70050,1555510.1899999997
1112,14-12-2020,14-12-2020,52586,994172.4900000001
1111,15-12-2020,15-12-2020,54774,1038030.4699999997
1110,16-12-2020,16-12-2020,54170,1055361.4799999997
1109,17-12-2020,17-12-2020,61760,1235037.7999999996
1108,18-12-2020,18-12-2020,78946,1713182.7700000005
1107,19-12-2020,19-12-2020,77620,1785843.529999999
1106,20-12-2020,20-12-2020,69832,1537699.9599999997
1105,21-12-2020,21-12-2020,57009,1098422.0000000014
1104,22-12-2020,22-12-2020,61182,1197439.079999999
1103,23-12-2020,23-12-2020,64448,1335065.1199999999
1102,24-12-2020,24-12-2020,46296,1051325.8000000005
1101,25-12-2020,25-12-2020,5143,74874.8
1100,26-12-2020,26-12-2020,67614,1539636.519999999
1099,27-12-2020,27-12-2020,69083,1559340.5900000012
1098,28-12-2020,28-12-2020,57372,1126882.4899999995
1097,29-12-2020,29-12-2020,58883,1153545.5999999996
1096,30-12-2020,30-12-2020,64420,1333184.9500000004
1095,31-12-2020,31-12-2020,75256,1967063.11
1094,01-01-2021,01-01-2021,71112,1671107.5
1093,02-01-2021,02-01-2021,72363,1647960.94
1092,03-01-2021,03-01-2021,71078,1609026.36
1091,04-01-2021,04-01-2021,55604,1077865.7400000012
1090,05-01-2021,05-01-2021,55857,1075106.59
1089,06-01-2021,06-01-2021,55081,1088681.379999999
1088,07-01-2021,07-01-2021,60076,1201162.6300000001
1087,08-01-2021,08-01-2021,78866,1738807.1200000003
1086,09-01-2021,09-01-2021,79852,1857173.1800000004
1085,10-01-2021,10-01-2021,71745,1633400.7000000007
1084,11-01-2021,11-01-2021,57869,1159903.0799999998
1083,12-01-2021,12-01-2021,55266,1062033.43
1082,13-01-2021,13-01-2021,54727,1076467.4500000002
1081,14-01-2021,14-01-2021,59931,1199730.7499999998
1080,15-01-2021,15-01-2021,78747,1728798.3600000003
1079,16-01-2021,16-01-2021,78737,1818148.2600000002
1078,17-01-2021,17-01-2021,73487,1674826.3499999996
1077,18-01-2021,18-01-2021,54776,1067294.4700000002
1076,19-01-2021,19-01-2021,51236,963438.3500000009
1075,20-01-2021,20-01-2021,53257,1059764.1500000004
1074,21-01-2021,21-01-2021,57454,1149437.0900000005
1073,22-01-2021,22-01-2021,78189,1703547.3199999984
1072,23-01-2021,23-01-2021,76740,1810402.4999999998
1071,24-01-2021,24-01-2021,76383,1797614.8600000006
1070,25-01-2021,25-01-2021,49731,940022.4400000001
1069,26-01-2021,26-01-2021,52681,995921.4099999999
1068,27-01-2021,27-01-2021,52713,1035418.1400000001
1067,28-01-2021,28-01-2021,58481,1169929.3900000013
1066,29-01-2021,29-01-2021,78965,1729872.9500000007
1065,30-01-2021,30-01-2021,73236,1635687.7100000007
1064,31-01-2021,31-01-2021,64650,1412760.0700000015
1063,01-02-2021,01-02-2021,48650,926165.6400000005
1062,02-02-2021,02-02-2021,51739,983541.3400000004
1061,03-02-2021,03-02-2021,53123,1034038.4200000003
1060,04-02-2021,04-02-2021,58279,1154333.1900000002
1059,05-02-2021,05-02-2021,75871,1636881.9999999998
1058,06-02-2021,06-02-2021,72183,1634615.579999999
1057,07-02-2021,07-02-2021,102358,3113283.339999999
1056,08-02-2021,08-02-2021,46944,890766.1399999997
1055,09-02-2021,09-02-2021,49812,931395.0600000002
1054,10-02-2021,10-02-2021,50367,975630.38
1053,11-02-2021,11-02-2021,56768,1137941.970000001
1052,12-02-2021,12-02-2021,73599,1588473.8699999999
1051,13-02-2021,13-02-2021,68356,1534602.1200000003
1050,14-02-2021,14-02-2021,60726,1370587.8599999999
1049,15-02-2021,15-02-2021,38725,767352.75
1048,16-02-2021,16-02-2021,40788,805654.54
1047,17-02-2021,17-02-2021,41153,823609.0999999995
1046,18-02-2021,18-02-2021,49331,1019939.1399999999
1045,19-02-2021,19-02-2021,71021,1575726.9600000014
1044,20-02-2021,20-02-2021,74698,1709351.4900000005
1043,21-02-2021,21-02-2021,67982,1496473.540000001
1042,22-02-2021,22-02-2021,53877,1041400.7800000007
1041,23-02-2021,23-02-2021,56268,1089423.76
1040,24-02-2021,24-02-2021,56545,1138013.8999999994
1039,25-02-2021,25-02-2021,62320,1253863.59
1038,26-02-2021,26-02-2021,78825,1716837.119999999
1037,27-02-2021,27-02-2021,76803,1772833.0
1036,28-02-2021,28-02-2021,68820,1523124.7999999998
1035,01-03-2021,01-03-2021,54241,1042201.7200000008
1034,02-03-2021,02-03-2021,56125,1077830.8999999997
1033,03-03-2021,03-03-2021,57094,1137426.8099999994
1032,04-03-2021,04-03-2021,61686,1248847.5000000002
1031,05-03-2021,05-03-2021,79318,1733321.5900000005
1030,06-03-2021,06-03-2021,78122,1807261.9399999992
1029,07-03-2021,07-03-2021,68889,1524868.0699999996
1028,08-03-2021,08-03-2021,54076,1034334.2800000003
1027,09-03-2021,09-03-2021,56048,1069500.3600000003
1026,10-03-2021,10-03-2021,58672,1169773.9799999986
1025,11-03-2021,11-03-2021,65612,1317745.2299999997
1024,12-03-2021,12-03-2021,81352,1785855.389999999
1023,13-03-2021,13-03-2021,80012,1834315.5699999996
1022,14-03-2021,14-03-2021,74999,1692456.830000001
1021,15-03-2021,15-03-2021,62345,1261422.720000001
1020,16-03-2021,16-03-2021,64054,1287087.3499999992
1019,17-03-2021,17-03-2021,68432,1477952.4099999992
1018,18-03-2021,18-03-2021,75409,1607887.8199999991
1017,19-03-2021,19-03-2021,88282,1991074.5400000003
1016,20-03-2021,20-03-2021,83113,1929275.3300000005
1015,21-03-2021,21-03-2021,77698,1761229.8199999987
1014,22-03-2021,22-03-2021,61778,1224068.2899999996
1013,23-03-2021,23-03-2021,63761,1262966.0899999999
1012,24-03-2021,24-03-2021,64232,1316024.9
1011,25-03-2021,25-03-2021,70283,1452425.7399999981
1010,26-03-2021,26-03-2021,84578,1873927.6699999988
1009,27-03-2021,27-03-2021,83267,1929113.6800000002
1008,28-03-2021,28-03-2021,79547,1789377.1100000008
1007,29-03-2021,29-03-2021,63595,1254276.6100000008
1006,30-03-2021,30-03-2021,67325,1331287.81
1005,31-03-2021,31-03-2021,68607,1439877.7399999998
1004,01-04-2021,01-04-2021,75839,1591486.1700000006
1003,02-04-2021,02-04-2021,82831,1831848.5499999996
1002,03-04-2021,03-04-2021,78710,1799413.2799999996
1001,04-04-2021,04-04-2021,37535,820436.9699999997
1000,05-04-2021,05-04-2021,65902,1328369.6099999987
999,06-04-2021,06-04-2021,64446,1264164.5699999996
998,07-04-2021,07-04-2021,65216,1319565.0499999993
997,08-04-2021,08-04-2021,69588,1431191.53
996,09-04-2021,09-04-2021,86865,1927872.230000002
995,10-04-2021,10-04-2021,81529,1855182.6000000003
994,11-04-2021,11-04-2021,76112,1711805.2499999988
993,12-04-2021,12-04-2021,59639,1157680.4199999995
992,13-04-2021,13-04-2021,62050,1211547.5899999999
991,14-04-2021,14-04-2021,61586,1255512.0300000005
990,15-04-2021,15-04-2021,68783,1419577.9699999997
989,16-04-2021,16-04-2021,86083,1920771.4599999997
988,17-04-2021,17-04-2021,79991,1843094.9000000006
987,18-04-2021,18-04-2021,73925,1658045.3099999998
986,19-04-2021,19-04-2021,58820,1143361.9600000002
985,20-04-2021,20-04-2021,64482,1278441.809999999
984,21-04-2021,21-04-2021,62753,1266203.92
983,22-04-2021,22-04-2021,67796,1384851.6200000003
982,23-04-2021,23-04-2021,86895,1945081.6199999992
981,24-04-2021,24-04-2021,80010,1860341.43
980,25-04-2021,25-04-2021,73959,1641980.5300000007
979,26-04-2021,26-04-2021,59650,1148060.8699999994
978,27-04-2021,27-04-2021,62066,1197259.930000001
977,28-04-2021,28-04-2021,61120,1231782.0200000007
976,29-04-2021,29-04-2021,71141,1509235.64
975,30-04-2021,30-04-2021,86677,1940727.8799999997
974,01-05-2021,01-05-2021,78068,1779301.2600000002
973,02-05-2021,02-05-2021,72601,1614065.3599999999
972,03-05-2021,03-05-2021,59462,1141137.7700000003
971,04-05-2021,04-05-2021,61502,1183537.6000000008
970,05-05-2021,05-05-2021,57622,1143371.11
969,06-05-2021,06-05-2021,66094,1335647.4199999997
968,07-05-2021,07-05-2021,82624,1823654.4199999995
967,08-05-2021,08-05-2021,75381,1781824.1200000006
966,09-05-2021,09-05-2021,64772,1547534.3699999982
965,10-05-2021,10-05-2021,58532,1151950.0399999996
964,11-05-2021,11-05-2021,60130,1161278.8999999994
963,12-05-2021,12-05-2021,60140,1207548.3199999996
962,13-05-2021,13-05-2021,67349,1374888.6199999992
961,14-05-2021,14-05-2021,84088,1846414.959999999
960,15-05-2021,15-05-2021,76707,1742309.7600000016
959,16-05-2021,16-05-2021,74046,1668174.1099999996
958,17-05-2021,17-05-2021,58694,1130822.8599999994
957,18-05-2021,18-05-2021,62007,1203353.1299999994
956,19-05-2021,19-05-2021,63183,1286550.4099999992
955,20-05-2021,20-05-2021,66686,1366360.8700000015
954,21-05-2021,21-05-2021,81884,1821836.879999999
953,22-05-2021,22-05-2021,77356,1774063.5199999998
952,23-05-2021,23-05-2021,73656,1665505.2982000008
951,24-05-2021,24-05-2021,58867,1137329.8642999995
950,25-05-2021,25-05-2021,62813,1222012.4381999995
949,26-05-2021,26-05-2021,62607,1259642.845299999
948,27-05-2021,27-05-2021,70235,1458668.7277999998
947,28-05-2021,28-05-2021,82272,1836887.5470000019
946,29-05-2021,29-05-2021,72345,1642521.6685000004
945,30-05-2021,30-05-2021,70764,1620757.2037000004
944,31-05-2021,31-05-2021,61333,1317882.5008
943,01-06-2021,01-06-2021,58001,1113870.6464
942,02-06-2021,02-06-2021,58095,1165958.9695000006
941,03-06-2021,03-06-2021,66653,1379422.2892999998
940,04-06-2021,04-06-2021,80605,1778835.2882000008
939,05-06-2021,05-06-2021,72856,1642742.3024000006
938,06-06-2021,06-06-2021,75506,1764929.577800001
937,07-06-2021,07-06-2021,57850,1128718.4767999998
936,08-06-2021,08-06-2021,60461,1187109.4004999995
935,09-06-2021,09-06-2021,60510,1225564.7022000004
934,10-06-2021,10-06-2021,65861,1354820.0152000003
933,11-06-2021,11-06-2021,79540,1755024.1705
932,12-06-2021,12-06-2021,74379,1711959.354299999
931,13-06-2021,13-06-2021,70605,1590303.7174999989
930,14-06-2021,14-06-2021,59285,1149962.6005999998
929,15-06-2021,15-06-2021,61806,1215623.4468999999
928,16-06-2021,16-06-2021,62008,1245664.3022999992
927,17-06-2021,17-06-2021,67006,1389174.3672999998
926,18-06-2021,18-06-2021,79281,1760748.0548999996
925,19-06-2021,19-06-2021,69265,1590355.809000001
924,20-06-2021,20-06-2021,66428,1590802.3901000004
923,21-06-2021,21-06-2021,61131,1187985.5145999996
922,22-06-2021,22-06-2021,66312,1288784.0842999998
921,23-06-2021,23-06-2021,64660,1282699.1498999998
920,24-06-2021,24-06-2021,70990,1440444.713199999
919,25-06-2021,25-06-2021,83357,1814310.1986999996
918,26-06-2021,26-06-2021,76846,1731362.6826999988
917,27-06-2021,27-06-2021,74379,1642591.4188000008
916,28-06-2021,28-06-2021,62017,1205142.3314000014
915,29-06-2021,29-06-2021,63573,1233212.1590000011
914,30-06-2021,30-06-2021,65012,1316399.003900001
913,01-07-2021,01-07-2021,72428,1488136.38
912,02-07-2021,02-07-2021,81056,1764355.0299999993
911,03-07-2021,03-07-2021,72066,1606869.9499999997
910,04-07-2021,04-07-2021,57240,1322245.33
909,05-07-2021,05-07-2021,62273,1298092.0599999998
908,06-07-2021,06-07-2021,60807,1187809.1400000001
907,07-07-2021,07-07-2021,60449,1206502.8300000003
906,08-07-2021,08-07-2021,69327,1413995.159999999
905,09-07-2021,09-07-2021,80692,1769546.7100000011
904,10-07-2021,10-07-2021,78039,1854999.7399999995
903,11-07-2021,11-07-2021,74624,1675862.65
902,12-07-2021,12-07-2021,60579,1184061.1199999994
901,13-07-2021,13-07-2021,61492,1204628.89
900,14-07-2021,14-07-2021,64435,1322223.5999999992
899,15-07-2021,15-07-2021,71261,1470586.360000001
898,16-07-2021,16-07-2021,82356,1822748.0199999989
897,17-07-2021,17-07-2021,75946,1734599.05
896,18-07-2021,18-07-2021,73575,1662861.1599999988
895,19-07-2021,19-07-2021,60119,1183232.5799999991
894,20-07-2021,20-07-2021,64516,1289142.4699999993
893,21-07-2021,21-07-2021,61443,1247863.5500000007
892,22-07-2021,22-07-2021,66783,1367900.2899999998
891,23-07-2021,23-07-2021,80460,1776820.7000000007
890,24-07-2021,24-07-2021,73882,1675194.3800000022
889,25-07-2021,25-07-2021,71305,1591906.299999998
888,26-07-2021,26-07-2021,60586,1199636.8900000004
887,27-07-2021,27-07-2021,61977,1228172.2899999998
886,28-07-2021,28-07-2021,61777,1256305.6200000006
885,29-07-2021,29-07-2021,77607,1614903.0900000005
884,30-07-2021,30-07-2021,83563,1851241.7900000005
883,31-07-2021,31-07-2021,74964,1701883.9899999981
882,01-08-2021,01-08-2021,73118,1673669.1500000008
881,02-08-2021,02-08-2021,58797,1168667.5900000008
880,03-08-2021,03-08-2021,60360,1201636.4499999997
879,04-08-2021,04-08-2021,60577,1228380.4900000007
878,05-08-2021,05-08-2021,69686,1457325.3900000006
877,06-08-2021,06-08-2021,81313,1797836.7199999983
876,07-08-2021,07-08-2021,73967,1686230.9399999983
875,08-08-2021,08-08-2021,69802,1552484.7999999996
874,09-08-2021,09-08-2021,57400,1138923.5599999991
873,10-08-2021,10-08-2021,59336,1176983.3000000003
872,11-08-2021,11-08-2021,60060,1213495.13
871,12-08-2021,12-08-2021,66084,1358666.5899999992
870,13-08-2021,13-08-2021,78614,1773363.2400000002
869,14-08-2021,14-08-2021,76954,1766046.6799999978
868,15-08-2021,15-08-2021,71635,1613458.4799999988
867,16-08-2021,16-08-2021,58573,1146809.92
866,17-08-2021,17-08-2021,61776,1200257.7399999998
865,18-08-2021,18-08-2021,60002,1218089.9200000002
864,19-08-2021,19-08-2021,63984,1314490.5
863,20-08-2021,20-08-2021,82993,1842338.089999999
862,21-08-2021,21-08-2021,77532,1815568.26
861,22-08-2021,22-08-2021,70232,1580577.1499999997
860,23-08-2021,23-08-2021,56514,1098527.66
859,24-08-2021,24-08-2021,57034,1112646.130000001
858,25-08-2021,25-08-2021,59038,1184192.6899999992
857,26-08-2021,26-08-2021,67612,1392094.8199999998
856,27-08-2021,27-08-2021,85004,1885957.8999999985
855,28-08-2021,28-08-2021,77892,1805854.9799999997
854,29-08-2021,29-08-2021,74064,1710362.8100000008
853,30-08-2021,30-08-2021,57051,1118278.56
852,31-08-2021,31-08-2021,59818,1170980.540000001
851,01-09-2021,01-09-2021,60366,1225796.7799999993
850,02-09-2021,02-09-2021,68088,1406045.5400000003
849,03-09-2021,03-09-2021,83794,1857571.6599999997
848,04-09-2021,04-09-2021,78427,1842129.3599999994
847,05-09-2021,05-09-2021,73062,1699416.4200000002
846,06-09-2021,06-09-2021,64707,1422428.7699999996
845,07-09-2021,07-09-2021,54415,1049450.9200000006
844,08-09-2021,08-09-2021,57173,1142343.1199999996
843,09-09-2021,09-09-2021,73060,1603323.7199999995
842,10-09-2021,10-09-2021,81651,1806727.8499999999
841,11-09-2021,11-09-2021,78490,1837096.4600000007
840,12-09-2021,12-09-2021,79263,1897838.29
839,13-09-2021,13-09-2021,56556,1122973.5999999992
838,14-09-2021,14-09-2021,58943,1161959.42
837,15-09-2021,15-09-2021,62138,1270826.4000000004
836,16-09-2021,16-09-2021,68969,1430372.280000001
835,17-09-2021,17-09-2021,84885,1889918.6400000008
834,18-09-2021,18-09-2021,80045,1872536.9699999983
833,19-09-2021,19-09-2021,80686,1928725.3100000012
832,20-09-2021,20-09-2021,57481,1133989.7500000002
831,21-09-2021,21-09-2021,58746,1139231.16
830,22-09-2021,22-09-2021,58453,1179405.2699999996
829,23-09-2021,23-09-2021,66251,1362756.2
828,24-09-2021,24-09-2021,83175,1850427.2300000004
827,25-09-2021,25-09-2021,79232,1868426.9000000013
826,26-09-2021,26-09-2021,73607,1750149.9500000002
825,27-09-2021,27-09-2021,60192,1229297.070000001
824,28-09-2021,28-09-2021,57412,1115034.1700000004
823,29-09-2021,29-09-2021,57848,1169273.1400000006
822,30-09-2021,30-09-2021,66647,1387416.71
821,01-10-2021,01-10-2021,83957,1876742.7700000003
820,02-10-2021,02-10-2021,78242,1830174.2600000005
819,03-10-2021,03-10-2021,79826,1914392.5600000017
818,04-10-2021,04-10-2021,56187,1127341.1500000008
817,05-10-2021,05-10-2021,56830,1115141.2700000005
816,06-10-2021,06-10-2021,56777,1163942.1900000004
815,07-10-2021,07-10-2021,65893,1377186.3300000003
814,08-10-2021,08-10-2021,82743,1861335.5099999981
813,09-10-2021,09-10-2021,77911,1871992.569999999
812,10-10-2021,10-10-2021,77387,1856773.81
811,11-10-2021,11-10-2021,56410,1129244.24
810,12-10-2021,12-10-2021,55132,1080993.5900000005
809,13-10-2021,13-10-2021,56436,1141149.7999999986
808,14-10-2021,14-10-2021,68428,1453181.2499999995
807,15-10-2021,15-10-2021,85864,1950694.7099999986
806,16-10-2021,16-10-2021,78856,1869235.62
805,17-10-2021,17-10-2021,77769,1870817.4299999995
804,18-10-2021,18-10-2021,55608,1106324.3500000006
803,19-10-2021,19-10-2021,57763,1141670.51
802,20-10-2021,20-10-2021,55261,1111855.8500000003
801,21-10-2021,21-10-2021,65748,1374396.2199999988
800,22-10-2021,22-10-2021,82714,1873600.4200000002
799,23-10-2021,23-10-2021,76606,1805814.6099999996
798,24-10-2021,24-10-2021,74846,1769149.5900000003
797,25-10-2021,25-10-2021,55288,1097780.7899999993
796,26-10-2021,26-10-2021,57568,1141419.7699999996
795,27-10-2021,27-10-2021,58123,1192082.3899999992
794,28-10-2021,28-10-2021,65720,1384763.6099999994
793,29-10-2021,29-10-2021,83328,1908904.8799999994
792,30-10-2021,30-10-2021,76210,1836087.719999999
791,31-10-2021,31-10-2021,79171,1982557.4700000025
790,01-11-2021,01-11-2021,58272,1159537.0699999996
789,02-11-2021,02-11-2021,59817,1182722.8999999997
788,03-11-2021,03-11-2021,56699,1148547.0000000005
787,04-11-2021,04-11-2021,63238,1303867.6900000002
786,05-11-2021,05-11-2021,82578,1861642.9799999993
785,06-11-2021,06-11-2021,80713,2044069.3299999991
784,07-11-2021,07-11-2021,74823,1763507.880000001
783,08-11-2021,08-11-2021,54632,1068493.68
782,09-11-2021,09-11-2021,55249,1074946.3299999994
781,10-11-2021,10-11-2021,58888,1205756.1000000006
780,11-11-2021,11-11-2021,67008,1422938.43
779,12-11-2021,12-11-2021,82918,1884911.31
778,13-11-2021,13-11-2021,78313,1867655.0400000012
777,14-11-2021,14-11-2021,76653,1829045.0100000007
776,15-11-2021,15-11-2021,58308,1170768.0800000012
775,16-11-2021,16-11-2021,58962,1172808.3799999994
774,17-11-2021,17-11-2021,59604,1220110.5200000007
773,18-11-2021,18-11-2021,65337,1370129.6499999987
772,19-11-2021,19-11-2021,83266,1897774.6600000025
771,20-11-2021,20-11-2021,78888,1857939.7399999995
770,21-11-2021,21-11-2021,78456,1874632.2600000014
769,22-11-2021,22-11-2021,61064,1250742.7100000002
768,23-11-2021,23-11-2021,63395,1313536.7699999996
767,24-11-2021,24-11-2021,66058,1514465.090000001
766,25-11-2021,25-11-2021,7538,125519.3
765,26-11-2021,26-11-2021,61529,1428583.7399999986
764,27-11-2021,27-11-2021,74006,1789496.8399999985
763,28-11-2021,28-11-2021,73413,1702001.359999998
762,29-11-2021,29-11-2021,57915,1147085.9599999993
761,30-11-2021,30-11-2021,59591,1178808.3399999999
760,01-12-2021,01-12-2021,60809,1244024.1499999997
759,02-12-2021,02-12-2021,72393,1550319.7600000005
758,03-12-2021,03-12-2021,86403,1958116.3799999992
757,04-12-2021,04-12-2021,84200,2011388.9699999983
756,05-12-2021,05-12-2021,77456,1837837.6600000006
755,06-12-2021,06-12-2021,58996,1178456.0400000007
754,07-12-2021,07-12-2021,59958,1189991.7100000002
753,08-12-2021,08-12-2021,60656,1250525.3500000006
752,09-12-2021,09-12-2021,68615,1445009.6199999994
751,10-12-2021,10-12-2021,85055,1948114.2600000005
750,11-12-2021,11-12-2021,80985,1950772.5799999982
749,12-12-2021,12-12-2021,78249,1871403.75
748,13-12-2021,13-12-2021,58981,1187853.97
747,14-12-2021,14-12-2021,62314,1262690.8899999994
746,15-12-2021,15-12-2021,65767,1398601.7900000005
745,16-12-2021,16-12-2021,71954,1559722.5999999996
744,17-12-2021,17-12-2021,85841,2006340.6199999994
743,18-12-2021,18-12-2021,81576,1986668.8400000008
742,19-12-2021,19-12-2021,78460,1892961.8199999996
741,20-12-2021,20-12-2021,65299,1376027.5299999996
740,21-12-2021,21-12-2021,68636,1455193.3299999998
739,22-12-2021,22-12-2021,70686,1556801.4900000002
738,23-12-2021,23-12-2021,77940,1821609.3700000015
737,24-12-2021,24-12-2021,44359,1105373.3599999987
736,25-12-2021,25-12-2021,5941,98380.26999999999
735,26-12-2021,26-12-2021,78517,1964668.5499999984
734,27-12-2021,27-12-2021,66160,1450048.190000001
733,28-12-2021,28-12-2021,66611,1443619.2499999998
732,29-12-2021,29-12-2021,67693,1505317.349999999
731,30-12-2021,30-12-2021,76936,1776837.6900000013
730,31-12-2021,31-12-2021,76142,2141093.8799999994
729,01-01-2022,01-01-2022,71116,1762481.8100000003
728,02-01-2022,02-01-2022,74503,1815145.6600000001
727,03-01-2022,03-01-2022,57662,1210940.1300000001
726,04-01-2022,04-01-2022,57400,1177647.2100000004
725,05-01-2022,05-01-2022,56752,1196895.7699999993
724,06-01-2022,06-01-2022,62273,1347313.0700000005
723,07-01-2022,07-01-2022,80213,1878309.2300000002
722,08-01-2022,08-01-2022,81417,2009648.3600000013
721,09-01-2022,09-01-2022,75680,1850540.2000000011
720,10-01-2022,10-01-2022,60418,1302697.73
719,11-01-2022,11-01-2022,56433,1151222.1299999997
718,12-01-2022,12-01-2022,57138,1203343.4999999995
717,13-01-2022,13-01-2022,62711,1339593.8399999994
716,14-01-2022,14-01-2022,82066,1915042.5100000002
715,15-01-2022,15-01-2022,82685,2079076.629999999
714,16-01-2022,16-01-2022,79660,2074457.73
713,17-01-2022,17-01-2022,60076,1300475.530000001
712,18-01-2022,18-01-2022,54230,1094461.209999999
711,19-01-2022,19-01-2022,55373,1158558.1300000006
710,20-01-2022,20-01-2022,60719,1291488.2899999996
709,21-01-2022,21-01-2022,80517,1890967.3500000015
708,22-01-2022,22-01-2022,83973,2149955.71
707,23-01-2022,23-01-2022,74804,1847620.29
706,24-01-2022,24-01-2022,53565,1077048.1400000006
705,25-01-2022,25-01-2022,58108,1164305.6800000009
704,26-01-2022,26-01-2022,55245,1150199.9400000006
703,27-01-2022,27-01-2022,62636,1324716.8100000008
702,28-01-2022,28-01-2022,81898,1897840.6999999988
701,29-01-2022,29-01-2022,74139,1802363.0700000008
700,30-01-2022,30-01-2022,85554,2249573.000000003
699,31-01-2022,31-01-2022,54638,1100127.9800000011
698,01-02-2022,01-02-2022,57697,1158873.1599999992
697,02-02-2022,02-02-2022,55541,1187811.0599999998
696,03-02-2022,03-02-2022,51228,1094546.1200000003
695,04-02-2022,04-02-2022,75520,1791226.7299999995
694,05-02-2022,05-02-2022,76809,1855226.8999999987
693,06-02-2022,06-02-2022,69165,1641387.5900000017
692,07-02-2022,07-02-2022,52457,1057775.0900000005
691,08-02-2022,08-02-2022,56228,1135705.240000001
690,09-02-2022,09-02-2022,56275,1178647.72
689,10-02-2022,10-02-2022,62192,1318358.1300000001
688,11-02-2022,11-02-2022,82013,1893437.8999999994
687,12-02-2022,12-02-2022,78664,1929709.1299999992
686,13-02-2022,13-02-2022,103607,3519489.53
685,14-02-2022,14-02-2022,65146,1422284.1600000008
684,15-02-2022,15-02-2022,55039,1100031.8100000005
683,16-02-2022,16-02-2022,55849,1155955.7000000002
682,17-02-2022,17-02-2022,62280,1312409.6199999992
681,18-02-2022,18-02-2022,81040,1871332.4500000004
680,19-02-2022,19-02-2022,76737,1849808.999999999
679,20-02-2022,20-02-2022,73439,1745520.1900000013
678,21-02-2022,21-02-2022,57758,1203556.0600000012
677,22-02-2022,22-02-2022,56926,1145686.6
676,23-02-2022,23-02-2022,55948,1196287.2300000007
675,24-02-2022,24-02-2022,65571,1457349.6700000018
674,25-02-2022,25-02-2022,84578,1986075.79
673,26-02-2022,26-02-2022,80176,1960305.0500000007
672,27-02-2022,27-02-2022,73775,1755604.4299999995
671,28-02-2022,28-02-2022,58733,1197879.6099999985
670,01-03-2022,01-03-2022,61202,1262543.14
669,02-03-2022,02-03-2022,58927,1240036.15
668,03-03-2022,03-03-2022,68087,1450129.1800000013
667,04-03-2022,04-03-2022,82451,1904191.8900000013
666,05-03-2022,05-03-2022,80326,1972882.7200000016
665,06-03-2022,06-03-2022,73135,1733322.2899999996
664,07-03-2022,07-03-2022,56662,1156589.019999999
663,08-03-2022,08-03-2022,58060,1194730.1400000004
662,09-03-2022,09-03-2022,58835,1253408.8500000003
661,10-03-2022,10-03-2022,67051,1449508.6499999997
660,11-03-2022,11-03-2022,80668,1884722.3799999994
659,12-03-2022,12-03-2022,76463,1858405.7599999998
658,13-03-2022,13-03-2022,71904,1725321.9100000004
657,14-03-2022,14-03-2022,56741,1182065.96
656,15-03-2022,15-03-2022,58729,1226735.060000001
655,16-03-2022,16-03-2022,60425,1295014.030000001
654,17-03-2022,17-03-2022,69092,1533594.5500000007
653,18-03-2022,18-03-2022,82561,1940360.5500000014
652,19-03-2022,19-03-2022,78227,1906382.4700000018
651,20-03-2022,20-03-2022,74188,1793065.52
650,21-03-2022,21-03-2022,56494,1176440.4899999988
649,22-03-2022,22-03-2022,57716,1187503.0399999998
648,23-03-2022,23-03-2022,58609,1238454.6999999997
647,24-03-2022,24-03-2022,67600,1491586.7799999989
646,25-03-2022,25-03-2022,82130,1917849.0599999987
645,26-03-2022,26-03-2022,78341,1910055.5600000008
644,27-03-2022,27-03-2022,75072,1814124.7899999984
643,28-03-2022,28-03-2022,58981,1208344.8499999996
642,29-03-2022,29-03-2022,60196,1219699.5400000003
641,30-03-2022,30-03-2022,60076,1285811.2599999986
640,31-03-2022,31-03-2022,67914,1467236.0999999999
639,01-04-2022,01-04-2022,85012,1970960.5799999998
638,02-04-2022,02-04-2022,83901,2061146.719999999
637,03-04-2022,03-04-2022,74928,1797186.099999999
636,04-04-2022,04-04-2022,59947,1249291.76
635,05-04-2022,05-04-2022,58701,1203147.2799999993
634,06-04-2022,06-04-2022,59363,1256400.7299999995
633,07-04-2022,07-04-2022,66477,1432693.3999999987
632,08-04-2022,08-04-2022,81341,1889983.8100000005
631,09-04-2022,09-04-2022,78367,1909910.799999999
630,10-04-2022,10-04-2022,72753,1732595.3600000017
629,11-04-2022,11-04-2022,58637,1187520.29
628,12-04-2022,12-04-2022,62305,1259802.029999999
627,13-04-2022,13-04-2022,61674,1290448.6100000006
626,14-04-2022,14-04-2022,72091,1555025.2200000004
625,15-04-2022,15-04-2022,80135,1842342.47
624,16-04-2022,16-04-2022,76843,1837313.3500000017
623,17-04-2022,17-04-2022,38333,886990.7500000003
622,18-04-2022,18-04-2022,61585,1265930.0999999992
621,19-04-2022,19-04-2022,61670,1245632.3799999994
620,20-04-2022,20-04-2022,71855,1531184.6399999997
619,21-04-2022,21-04-2022,71257,1512365.0699999991
618,22-04-2022,22-04-2022,88692,2022058.8900000001
617,23-04-2022,23-04-2022,82537,1938486.5999999992
616,24-04-2022,24-04-2022,77827,1817577.1600000006
615,25-04-2022,25-04-2022,67145,1168520.47
614,26-04-2022,26-04-2022,61002,1211251.930000001
613,27-04-2022,27-04-2022,62622,1295559.2199999997
612,28-04-2022,28-04-2022,72590,1561064.1100000008
611,29-04-2022,29-04-2022,89548,2052568.9400000002
610,30-04-2022,30-04-2022,82583,1957817.240000002
609,01-05-2022,01-05-2022,76694,1796308.2000000004
608,02-05-2022,02-05-2022,61195,1236754.1400000008
607,03-05-2022,03-05-2022,63589,1262100.7900000003
606,04-05-2022,04-05-2022,65207,1343689.6699999997
605,05-05-2022,05-05-2022,66991,1383926.5199999996
604,06-05-2022,06-05-2022,87326,1980663.6499999992
603,07-05-2022,07-05-2022,82307,2037267.1199999987
602,08-05-2022,08-05-2022,68937,1700735.139999999
601,09-05-2022,09-05-2022,57923,1159346.6699999992
600,10-05-2022,10-05-2022,62977,1304704.0699999994
599,11-05-2022,11-05-2022,60877,1247100.299999999
598,12-05-2022,12-05-2022,66890,1422679.01
597,13-05-2022,13-05-2022,87659,2007091.7599999995
596,14-05-2022,14-05-2022,79781,1900999.9399999992
595,15-05-2022,15-05-2022,78152,1853093.5499999993
594,16-05-2022,16-05-2022,59937,1198493.6699999995
593,17-05-2022,17-05-2022,60373,1217459.0799999996
592,18-05-2022,18-05-2022,60229,1258473.9600000007
591,19-05-2022,19-05-2022,68632,1465071.629999999
590,20-05-2022,20-05-2022,87311,2014969.5099999995
589,21-05-2022,21-05-2022,80510,1912044.899999997
588,22-05-2022,22-05-2022,76143,1789971.3299999998
587,23-05-2022,23-05-2022,59085,1187284.51
586,24-05-2022,24-05-2022,62795,1269822.709999999
585,25-05-2022,25-05-2022,64171,1346815.4700000007
584,26-05-2022,26-05-2022,73771,1593710.23
583,27-05-2022,27-05-2022,86095,2001978.1299999992
582,28-05-2022,28-05-2022,77925,1897190.7999999986
581,29-05-2022,29-05-2022,73841,1767339.809999999
580,30-05-2022,30-05-2022,63906,1449628.0300000005
579,31-05-2022,31-05-2022,60084,1209025.3199999996
578,01-06-2022,01-06-2022,63596,1324182.03
577,02-06-2022,02-06-2022,72354,1574228.689999999
576,03-06-2022,03-06-2022,84632,1936641.080000001
575,04-06-2022,04-06-2022,77080,1802638.809999998
574,05-06-2022,05-06-2022,76699,1814661.759999999
573,06-06-2022,06-06-2022,60091,1222447.51
572,07-06-2022,07-06-2022,61209,1249688.9299999985
571,08-06-2022,08-06-2022,63892,1368453.5699999998
570,09-06-2022,09-06-2022,68769,1476778.1
569,10-06-2022,10-06-2022,85426,1983895.3899999987
568,11-06-2022,11-06-2022,75790,1792762.1899999985
567,12-06-2022,12-06-2022,72643,1705281.5899999994
566,13-06-2022,13-06-2022,62258,1298359.9900000005
565,14-06-2022,14-06-2022,59279,1210933.7
564,15-06-2022,15-06-2022,61151,1296376.1199999996
563,16-06-2022,16-06-2022,72447,1596175.120000001
562,17-06-2022,17-06-2022,82305,1888728.5700000008
561,18-06-2022,18-06-2022,74802,1752350.8900000006
560,19-06-2022,19-06-2022,67680,1689002.9699999995
559,20-06-2022,20-06-2022,58536,1215415.5899999987
558,21-06-2022,21-06-2022,58603,1198737.5600000008
557,22-06-2022,22-06-2022,61859,1291837.4800000011
556,23-06-2022,23-06-2022,67541,1460013.919999999
555,24-06-2022,24-06-2022,82556,1907847.820000001
554,25-06-2022,25-06-2022,75627,1769143.0199999993
553,26-06-2022,26-06-2022,73472,1734804.049999999
552,27-06-2022,27-06-2022,59108,1206899.7599999998
551,28-06-2022,28-06-2022,61699,1262907.77
550,29-06-2022,29-06-2022,64506,1367397.7599999993
549,30-06-2022,30-06-2022,73481,1598879.6099999999
548,01-07-2022,01-07-2022,87430,2031871.39
547,02-07-2022,02-07-2022,79864,1888364.9100000008
546,03-07-2022,03-07-2022,72220,1704587.8599999992
545,04-07-2022,04-07-2022,60523,1431402.8699999994
544,05-07-2022,05-07-2022,59813,1228453.8099999998
543,06-07-2022,06-07-2022,62649,1318591.4200000004
542,07-07-2022,07-07-2022,71246,1536396.5200000007
541,08-07-2022,08-07-2022,88702,2023430.2699999993
540,09-07-2022,09-07-2022,80798,1894878.0999999996
539,10-07-2022,10-07-2022,77784,1812875.9699999995
538,11-07-2022,11-07-2022,63108,1285699.150000001
537,12-07-2022,12-07-2022,64765,1325796.8899999994
536,13-07-2022,13-07-2022,66445,1402567.9300000004
535,14-07-2022,14-07-2022,77013,1658501.9200000004
534,15-07-2022,15-07-2022,93553,2156261.9999999986
533,16-07-2022,16-07-2022,86108,2035697.0700000003
532,17-07-2022,17-07-2022,81685,1915697.4599999986
531,18-07-2022,18-07-2022,66653,1383411.989999999
530,19-07-2022,19-07-2022,67462,1395895.6900000002
529,20-07-2022,20-07-2022,69957,1486843.1199999994
528,21-07-2022,21-07-2022,78032,1693116.1600000001
527,22-07-2022,22-07-2022,93955,2176503.6399999997
526,23-07-2022,23-07-2022,84650,2001978.1700000013
525,24-07-2022,24-07-2022,81715,1914641.8400000012
524,25-07-2022,25-07-2022,67274,1389758.96
523,26-07-2022,26-07-2022,67944,1402444.6199999994
522,27-07-2022,27-07-2022,69257,1463153.1899999995
521,28-07-2022,28-07-2022,76129,1651413.4499999997
520,29-07-2022,29-07-2022,123676,2623658.2199999997
519,30-07-2022,30-07-2022,85581,2055927.769999999
518,31-07-2022,31-07-2022,80614,1896772.5799999994
517,01-08-2022,01-08-2022,66165,1366638.0199999996
516,02-08-2022,02-08-2022,65601,1355573.1500000001
515,03-08-2022,03-08-2022,67449,1433589.4300000002
514,04-08-2022,04-08-2022,73734,1601618.26
513,05-08-2022,05-08-2022,89019,2050299.5599999977
512,06-08-2022,06-08-2022,82654,1942085.6899999995
511,07-08-2022,07-08-2022,78489,1830941.3899999987
510,08-08-2022,08-08-2022,63219,1292759.0000000005
509,09-08-2022,09-08-2022,65343,1329503.48
508,10-08-2022,10-08-2022,64193,1349571.5600000005
507,11-08-2022,11-08-2022,72953,1560876.9699999993
506,12-08-2022,12-08-2022,92207,2111858.069999999
505,13-08-2022,13-08-2022,85456,2025983.3599999982
504,14-08-2022,14-08-2022,80338,1870538.4699999976
503,15-08-2022,15-08-2022,63389,1291090.8500000003
502,16-08-2022,16-08-2022,64172,1289541.1300000004
501,17-08-2022,17-08-2022,67044,1361245.09
500,18-08-2022,18-08-2022,73283,1569698.890000002
499,19-08-2022,19-08-2022,93291,2147750.4299999992
498,20-08-2022,20-08-2022,87218,2095892.3000000005
497,21-08-2022,21-08-2022,79607,1859136.169999999
496,22-08-2022,22-08-2022,61104,1230214.6199999999
495,23-08-2022,23-08-2022,61979,1250945.0856999992
494,24-08-2022,24-08-2022,63266,1307271.6427999998
493,25-08-2022,25-08-2022,70251,1481624.5005999992
492,26-08-2022,26-08-2022,90558,2069971.9880999993
491,27-08-2022,27-08-2022,84114,1986734.526000001
490,28-08-2022,28-08-2022,78337,1825490.2690999992
489,29-08-2022,29-08-2022,60814,1198027.3568999995
488,30-08-2022,30-08-2022,85486,1539887.4506000013
487,31-08-2022,31-08-2022,93845,1817909.7999000016
486,01-09-2022,01-09-2022,99489,2010334.0953000002
485,02-09-2022,02-09-2022,115033,2487388.7679000013
484,03-09-2022,03-09-2022,106341,2447856.0805000016
483,04-09-2022,04-09-2022,94447,2183662.1580000008
482,05-09-2022,05-09-2022,83445,1819732.8672999998
481,06-09-2022,06-09-2022,70811,1343715.7089000002
480,07-09-2022,07-09-2022,67541,1348084.1742
479,08-09-2022,08-09-2022,80424,1737977.4052000018
478,09-09-2022,09-09-2022,96916,2157062.840399999
477,10-09-2022,10-09-2022,93092,2239844.3627
476,11-09-2022,11-09-2022,94930,2368181.0422
475,12-09-2022,12-09-2022,63609,1286542.6942000007
474,13-09-2022,13-09-2022,62864,1233801.6256000004
473,14-09-2022,14-09-2022,63297,1296403.2262000004
472,15-09-2022,15-09-2022,75593,1606923.5094000013
471,16-09-2022,16-09-2022,91653,2080418.5331000003
470,17-09-2022,17-09-2022,88603,2218039.564900002
469,18-09-2022,18-09-2022,90201,2200629.0744999996
468,19-09-2022,19-09-2022,61833,1246100.0865999998
467,20-09-2022,20-09-2022,61062,1216329.6323999995
466,21-09-2022,21-09-2022,62654,1287916.2529999998
465,22-09-2022,22-09-2022,72357,1535973.6165000012
464,23-09-2022,23-09-2022,89681,2040332.2484000009
463,24-09-2022,24-09-2022,84872,2026601.7228999992
462,25-09-2022,25-09-2022,85463,2074683.2113999994
461,26-09-2022,26-09-2022,63099,1312080.0150000006
460,27-09-2022,27-09-2022,60845,1222261.0475000006
459,28-09-2022,28-09-2022,61518,1277974.7287000015
458,29-09-2022,29-09-2022,71988,1546178.726599999
457,30-09-2022,30-09-2022,92669,2139956.420299999
456,01-10-2022,01-10-2022,86993,2065758.2298000003
455,02-10-2022,02-10-2022,86385,2080123.0202000004
454,03-10-2022,03-10-2022,63859,1262390.4132
453,04-10-2022,04-10-2022,63925,1242409.0570999999
452,05-10-2022,05-10-2022,68517,1373580.5509000006
451,06-10-2022,06-10-2022,76485,1587122.915400001
450,07-10-2022,07-10-2022,94640,2092946.0860999993
449,08-10-2022,08-10-2022,89351,2084375.4665
448,09-10-2022,09-10-2022,88091,2082835.173199999
447,10-10-2022,10-10-2022,66855,1325125.8647000003
446,11-10-2022,11-10-2022,65434,1270809.2546
445,12-10-2022,12-10-2022,68251,1358631.0126000005
444,13-10-2022,13-10-2022,77469,1599580.3204000005
443,14-10-2022,14-10-2022,98652,2193145.990599999
442,15-10-2022,15-10-2022,91033,2133864.723800001
441,16-10-2022,16-10-2022,90314,2152509.2371000005
440,17-10-2022,17-10-2022,65347,1272318.0464
439,18-10-2022,18-10-2022,65752,1275572.0507000007
438,19-10-2022,19-10-2022,66915,1344962.4593999996
437,20-10-2022,20-10-2022,76004,1580948.924599998
436,21-10-2022,21-10-2022,94362,2075231.3547999994
435,22-10-2022,22-10-2022,89422,2088656.462899999
434,23-10-2022,23-10-2022,88595,2087406.632200001
433,24-10-2022,24-10-2022,64713,1248270.0868000009
432,25-10-2022,25-10-2022,65677,1258275.8579999993
431,26-10-2022,26-10-2022,67765,1346431.0966999985
430,27-10-2022,27-10-2022,75880,1573254.8110000016
429,28-10-2022,28-10-2022,96251,2181148.9666
428,29-10-2022,29-10-2022,88170,2086265.105900002
427,30-10-2022,30-10-2022,89291,2110783.726899999
426,31-10-2022,31-10-2022,74187,1609349.1258000005
425,01-11-2022,01-11-2022,67318,1320995.9925000002
424,02-11-2022,02-11-2022,67137,1340095.9806
423,03-11-2022,03-11-2022,74868,1548686.9265999994
422,04-11-2022,04-11-2022,97205,2146943.6314000003
421,05-11-2022,05-11-2022,93262,2203397.1300000004
420,06-11-2022,06-11-2022,85289,1955645.3941999984
419,07-11-2022,07-11-2022,63305,1234359.3619999995
418,08-11-2022,08-11-2022,65281,1276871.7447000002
417,09-11-2022,09-11-2022,86040,1558659.6629999985
416,10-11-2022,10-11-2022,79314,1661488.298400001
415,11-11-2022,11-11-2022,92986,2068706.0136000009
414,12-11-2022,12-11-2022,88297,2079473.2287
413,13-11-2022,13-11-2022,85430,2009868.8059999982
412,14-11-2022,14-11-2022,64111,1250652.5847999996
411,15-11-2022,15-11-2022,66417,1290416.5635999998
410,16-11-2022,16-11-2022,66507,1335684.505399999
409,17-11-2022,17-11-2022,77522,1632224.5228000002
408,18-11-2022,18-11-2022,97820,2199487.5826000003
407,19-11-2022,19-11-2022,91183,2143621.8958000024
406,20-11-2022,20-11-2022,87867,2105477.9332000003
405,21-11-2022,21-11-2022,71024,1472732.9994000003
404,22-11-2022,22-11-2022,71795,1483507.2432999995
403,23-11-2022,23-11-2022,79212,1798871.0649999988
402,24-11-2022,24-11-2022,8361,158847.52519999995
401,25-11-2022,25-11-2022,72527,1664178.9384000003
400,26-11-2022,26-11-2022,85741,2081967.6257000002
399,27-11-2022,27-11-2022,85535,1980109.6869999992
398,28-11-2022,28-11-2022,64960,1275146.2037999993
397,29-11-2022,29-11-2022,67855,1335300.5363999996
396,30-11-2022,30-11-2022,72513,1490501.8530000004
395,01-12-2022,01-12-2022,80701,1696966.5058999998
394,02-12-2022,02-12-2022,101858,2291292.5671000006
393,03-12-2022,03-12-2022,98739,2330091.1421000008
392,04-12-2022,04-12-2022,93755,2216891.7951000007
391,05-12-2022,05-12-2022,70214,1387651.6279999998
390,06-12-2022,06-12-2022,73482,1452704.6914000008
389,07-12-2022,07-12-2022,76592,1565995.4954999993
388,08-12-2022,08-12-2022,85136,1799700.7608999987
387,09-12-2022,09-12-2022,104663,2359379.5429000007
386,10-12-2022,10-12-2022,101443,2428123.6181000005
385,11-12-2022,11-12-2022,93907,2222879.3804000015
384,12-12-2022,12-12-2022,73736,1468647.7535000003
383,13-12-2022,13-12-2022,74978,1510810.3397999995
382,14-12-2022,14-12-2022,76593,1586821.4373999985
381,15-12-2022,15-12-2022,86422,1859582.3350999996
380,16-12-2022,16-12-2022,102772,2352701.2988000014
379,17-12-2022,17-12-2022,95250,2265697.4415999996
378,18-12-2022,18-12-2022,92948,2206342.9426000006
377,19-12-2022,19-12-2022,74596,1541591.5935000011
376,20-12-2022,20-12-2022,77037,1593565.2988999998
375,21-12-2022,21-12-2022,78241,1678725.8764000006
374,22-12-2022,22-12-2022,83576,1902098.383899999
373,23-12-2022,23-12-2022,86584,2084363.486199998
372,24-12-2022,24-12-2022,49617,1258366.1919
371,25-12-2022,25-12-2022,5273,97104.12000000001
370,26-12-2022,26-12-2022,81586,1874010.7730999999
369,27-12-2022,27-12-2022,79574,1744020.2517999993
368,28-12-2022,28-12-2022,83713,1843625.3321999991
367,29-12-2022,29-12-2022,95098,2173550.1983999987
366,30-12-2022,30-12-2022,104297,2429955.2939999984
365,31-12-2022,31-12-2022,85885,2375462.6588999974
364,01-01-2023,01-01-2023,87752,2139647.144699999
363,02-01-2023,02-01-2023,77723,1725269.0075000003
362,03-01-2023,03-01-2023,74641,1525479.1196999997
361,04-01-2023,04-01-2023,72533,1508917.1504000006
360,05-01-2023,05-01-2023,80936,1716785.9542000007
359,06-01-2023,06-01-2023,100434,2273437.0785999997
358,07-01-2023,07-01-2023,97733,2355845.661999999
357,08-01-2023,08-01-2023,89737,2148405.8808999974
356,09-01-2023,09-01-2023,72975,1540094.3424000002
355,10-01-2023,10-01-2023,68625,1363605.6587999996
354,11-01-2023,11-01-2023,70987,1473705.1124999998
353,12-01-2023,12-01-2023,79059,1697899.6106999994
352,13-01-2023,13-01-2023,100819,2319859.6194999996
351,14-01-2023,14-01-2023,100654,2506310.292100001
350,15-01-2023,15-01-2023,95360,2330430.5812000004
349,16-01-2023,16-01-2023,79472,1791551.0023999999
348,17-01-2023,17-01-2023,65157,1284545.0219999992
347,18-01-2023,18-01-2023,68447,1395359.0290000008
346,19-01-2023,19-01-2023,75474,1589448.6490999986
345,20-01-2023,20-01-2023,101590,2292883.9562000004
344,21-01-2023,21-01-2023,102051,2516544.2630999987
343,22-01-2023,22-01-2023,98558,2511813.7769999993
342,23-01-2023,23-01-2023,65635,1291631.468899999
341,24-01-2023,24-01-2023,67875,1346199.1010000003
340,25-01-2023,25-01-2023,69814,1439073.7228999992
339,26-01-2023,26-01-2023,79434,1673237.6445000013
338,27-01-2023,27-01-2023,102556,2328986.4246
337,28-01-2023,28-01-2023,96283,2290631.5085
336,29-01-2023,29-01-2023,102942,2635460.7256000037
335,30-01-2023,30-01-2023,63675,1281522.9319999998
334,31-01-2023,31-01-2023,61884,1249022.7566000004
333,01-02-2023,01-02-2023,65782,1374689.5916000023
332,02-02-2023,02-02-2023,79090,1714012.406
331,03-02-2023,03-02-2023,102156,2345555.5347000025
330,04-02-2023,04-02-2023,95749,2274470.0079999976
329,05-02-2023,05-02-2023,85656,1990703.9735999997
328,06-02-2023,06-02-2023,67375,1360776.5979
327,07-02-2023,07-02-2023,68888,1396304.726499999
326,08-02-2023,08-02-2023,70252,1467592.7063000011
325,09-02-2023,09-02-2023,77885,1679409.104299999
324,10-02-2023,10-02-2023,102686,2373470.763999999
323,11-02-2023,11-02-2023,98160,2388655.2403999995
322,12-02-2023,12-02-2023,127111,4315080.2420999985
321,13-02-2023,13-02-2023,63060,1267263.8560000013
320,14-02-2023,14-02-2023,81147,1817309.9967999991
319,15-02-2023,15-02-2023,70136,1463662.6364999996
318,16-02-2023,16-02-2023,79544,1702071.4780999986
317,17-02-2023,17-02-2023,103048,2380586.538
316,18-02-2023,18-02-2023,97400,2332637.7898999997
315,19-02-2023,19-02-2023,92889,2216013.0637
314,20-02-2023,20-02-2023,73752,1545685.9492999995
313,21-02-2023,21-02-2023,72795,1468186.8741000008
312,22-02-2023,22-02-2023,72915,1551469.450200001
311,23-02-2023,23-02-2023,85347,1900977.7412999987
310,24-02-2023,24-02-2023,105651,2503084.4556999984
309,25-02-2023,25-02-2023,102761,2527847.8953000032
308,26-02-2023,26-02-2023,94242,2268559.5404
307,27-02-2023,27-02-2023,73481,1533669.4259000006
306,28-02-2023,28-02-2023,76254,1592882.335100001
305,01-03-2023,01-03-2023,77400,1665773.977800002
304,02-03-2023,02-03-2023,85830,1889564.6464999998
303,03-03-2023,03-03-2023,105556,2471528.836099996
302,04-03-2023,04-03-2023,103668,2579556.420099997
301,05-03-2023,05-03-2023,93067,2222745.032299999
300,06-03-2023,06-03-2023,70024,1431792.6981999993
299,07-03-2023,07-03-2023,72892,1500857.1130999997
298,08-03-2023,08-03-2023,75296,1617924.8614999996
297,09-03-2023,09-03-2023,82985,1833738.2250000003
296,10-03-2023,10-03-2023,105947,2493126.4458000013
295,11-03-2023,11-03-2023,100237,2449048.2124
294,12-03-2023,12-03-2023,94903,2311310.333300002
293,13-03-2023,13-03-2023,80466,1723053.7373999993
292,14-03-2023,14-03-2023,89636,1946635.4573
291,15-03-2023,15-03-2023,89475,1995853.1285000006
290,16-03-2023,16-03-2023,97845,2270486.7008999987
289,17-03-2023,17-03-2023,112407,2737319.8502
288,18-03-2023,18-03-2023,109338,2756835.0697000003
287,19-03-2023,19-03-2023,98437,2419605.706900001
286,20-03-2023,20-03-2023,77687,1637847.9448999993
285,21-03-2023,21-03-2023,80271,1681910.4294000007
284,22-03-2023,22-03-2023,82137,1799623.9012000002
283,23-03-2023,23-03-2023,88346,1987950.8405999981
282,24-03-2023,24-03-2023,108865,2601392.1060999995
281,25-03-2023,25-03-2023,102361,2572661.0226999996
280,26-03-2023,26-03-2023,95941,2365895.471899998
279,27-03-2023,27-03-2023,73498,1550289.6830000004
278,28-03-2023,28-03-2023,73407,1514212.6953999987
277,29-03-2023,29-03-2023,74629,1599826.6788000003
276,30-03-2023,30-03-2023,84802,1875701.6020000002
275,31-03-2023,31-03-2023,105447,2475198.173699999
274,01-04-2023,01-04-2023,102902,2548846.9069999987
273,02-04-2023,02-04-2023,94165,2290991.1497999993
272,03-04-2023,03-04-2023,74483,1580028.2773999998
271,04-04-2023,04-04-2023,74096,1544082.6749
270,05-04-2023,05-04-2023,76698,1663538.1933999993
269,06-04-2023,06-04-2023,87260,1955093.4055000006
268,07-04-2023,07-04-2023,99226,2336245.4859999996
267,08-04-2023,08-04-2023,95040,2345995.2070999993
266,09-04-2023,09-04-2023,47420,1132162.990000001
265,10-04-2023,10-04-2023,72105,1487535.3099999998
264,11-04-2023,11-04-2023,73437,1507070.2599999998
263,12-04-2023,12-04-2023,76046,1618319.74
262,13-04-2023,13-04-2023,83902,1828940.4000000001
261,14-04-2023,14-04-2023,105605,2451732.9300000006
260,15-04-2023,15-04-2023,98710,2414423.4200000013
259,16-04-2023,16-04-2023,92690,2220529.7299999986
258,17-04-2023,17-04-2023,71727,1454667.81
257,18-04-2023,18-04-2023,73476,1492508.870000001
256,19-04-2023,19-04-2023,76306,1613359.849999998
255,20-04-2023,20-04-2023,107947,2351912.320000001
254,21-04-2023,21-04-2023,118788,2734382.0800000015
253,22-04-2023,22-04-2023,110865,2900769.8799999985
252,23-04-2023,23-04-2023,99146,2353469.7000000016
251,24-04-2023,24-04-2023,72346,1455686.9000000001
250,25-04-2023,25-04-2023,74979,1513078.77
249,26-04-2023,26-04-2023,78315,1660956.350000001
248,27-04-2023,27-04-2023,89063,1982036.990000001
247,28-04-2023,28-04-2023,109826,2599326.4399999985
246,29-04-2023,29-04-2023,99714,2418495.219999997
245,30-04-2023,30-04-2023,94098,2275636.8600000017
244,01-05-2023,01-05-2023,75716,1562102.7800000021
243,02-05-2023,02-05-2023,75859,1568401.3600000006
242,03-05-2023,03-05-2023,77113,1643278.8999999992
241,04-05-2023,04-05-2023,85134,1874551.5799999994
240,05-05-2023,05-05-2023,99622,2305524.809999998
239,06-05-2023,06-05-2023,101340,2537880.8700000034
238,07-05-2023,07-05-2023,92573,2213238.330900002
237,08-05-2023,08-05-2023,73557,1517030.6973000015
236,09-05-2023,09-05-2023,73969,1529759.5736
235,10-05-2023,10-05-2023,83184,1881714.3835000005
234,11-05-2023,11-05-2023,84085,1841783.3124999993
233,12-05-2023,12-05-2023,106922,2531651.732400003
232,13-05-2023,13-05-2023,95544,2313667.3229999975
231,14-05-2023,14-05-2023,79557,2020727.2954999998
230,15-05-2023,15-05-2023,75500,1528577.8677000005
229,16-05-2023,16-05-2023,79523,1615085.5352999985
228,17-05-2023,17-05-2023,84934,1747868.5902000002
227,18-05-2023,18-05-2023,91125,1962013.4914000004
226,19-05-2023,19-05-2023,110622,2533415.0052999975
225,20-05-2023,20-05-2023,102688,2452308.4787
224,21-05-2023,21-05-2023,95856,2250181.2118
223,22-05-2023,22-05-2023,71855,1493514.5088000013
222,23-05-2023,23-05-2023,73367,1529119.0522999992
221,24-05-2023,24-05-2023,77827,1696427.0349000006
220,25-05-2023,25-05-2023,86460,1968046.4389000009
219,26-05-2023,26-05-2023,99884,2365004.8513
218,27-05-2023,27-05-2023,88092,2146768.1311999997
217,28-05-2023,28-05-2023,87118,2146284.1660000016
216,29-05-2023,29-05-2023,76401,1792704.6147000003
215,30-05-2023,30-05-2023,67305,1386276.9385
214,31-05-2023,31-05-2023,76946,1651066.6557000016
213,01-06-2023,01-06-2023,86254,1918646.261499999
212,02-06-2023,02-06-2023,99516,2312579.359300002
211,03-06-2023,03-06-2023,91027,2185155.837799999
210,04-06-2023,04-06-2023,90403,2176882.6518000006
209,05-06-2023,05-06-2023,71028,1471527.1603999995
208,06-06-2023,06-06-2023,73122,1519115.0388999996
207,07-06-2023,07-06-2023,78888,1715353.9919000021
206,08-06-2023,08-06-2023,84543,1872793.6447999997
205,09-06-2023,09-06-2023,104453,2470011.9608000005
204,10-06-2023,10-06-2023,94439,2301894.9836999993
203,11-06-2023,11-06-2023,88936,2124630.5515
202,12-06-2023,12-06-2023,75357,1585310.9526000004
201,13-06-2023,13-06-2023,77974,1613187.4433999986
200,14-06-2023,14-06-2023,77937,1670726.1448999997
199,15-06-2023,15-06-2023,86377,1931947.8342000002
198,16-06-2023,16-06-2023,102106,2402433.3889999976
197,17-06-2023,17-06-2023,90913,2203597.8040999994
196,18-06-2023,18-06-2023,81823,2091093.0935999986
195,19-06-2023,19-06-2023,71402,1522269.1247000005
194,20-06-2023,20-06-2023,72776,1525972.4231000002
193,21-06-2023,21-06-2023,76692,1664227.918300001
192,22-06-2023,22-06-2023,86828,1942544.4054000021
191,23-06-2023,23-06-2023,104737,2470107.2626
190,24-06-2023,24-06-2023,97304,2365170.4206999997
189,25-06-2023,25-06-2023,94322,2283164.4202
188,26-06-2023,26-06-2023,75109,1572055.5777
187,27-06-2023,27-06-2023,77356,1615720.7921999982
186,28-06-2023,28-06-2023,78988,1712288.3570000003
185,29-06-2023,29-06-2023,87900,1968131.2535000006
184,30-06-2023,30-06-2023,105584,2499225.4774000016
183,01-07-2023,01-07-2023,93205,2270976.7851000004
182,02-07-2023,02-07-2023,91719,2219413.9424000015
181,03-07-2023,03-07-2023,82527,1830339.4352000009
180,04-07-2023,04-07-2023,70152,1679578.4247000015
179,05-07-2023,05-07-2023,73024,1555162.8170999992
178,06-07-2023,06-07-2023,85091,1870351.8576999998
177,07-07-2023,07-07-2023,100818,2331303.8799000015
176,08-07-2023,08-07-2023,97445,2367904.095500001
175,09-07-2023,09-07-2023,94044,2252702.9504000014
174,10-07-2023,10-07-2023,74281,1543260.285399999
173,11-07-2023,11-07-2023,77899,1625841.5610999998
172,12-07-2023,12-07-2023,79593,1745324.062300001
171,13-07-2023,13-07-2023,89704,2020534.5328
170,14-07-2023,14-07-2023,110179,2617840.0552999997
169,15-07-2023,15-07-2023,98986,2419738.294900002
168,16-07-2023,16-07-2023,97960,2421790.9370000022
167,17-07-2023,17-07-2023,78679,1659919.6803999993
166,18-07-2023,18-07-2023,84517,1780229.8548999992
165,19-07-2023,19-07-2023,84722,1842574.7809
164,20-07-2023,20-07-2023,90607,2029307.496700001
163,21-07-2023,21-07-2023,108098,2550480.345900001
162,22-07-2023,22-07-2023,97442,2346921.2273999997
161,23-07-2023,23-07-2023,93679,2233223.7201999985
160,24-07-2023,24-07-2023,75901,1583912.6558000015
159,25-07-2023,25-07-2023,78626,1639110.0432999989
158,26-07-2023,26-07-2023,81409,1769297.1392
157,27-07-2023,27-07-2023,91190,2043348.4482000005
156,28-07-2023,28-07-2023,108460,2569616.6626999993
155,29-07-2023,29-07-2023,136783,3133261.7785999984
154,30-07-2023,30-07-2023,96776,2323133.3255999996
153,31-07-2023,31-07-2023,80518,1693326.6636999992
152,01-08-2023,01-08-2023,84549,1779656.2456000003
151,02-08-2023,02-08-2023,83645,1831355.616699999
150,03-08-2023,03-08-2023,93545,2102614.696799999
149,04-08-2023,04-08-2023,111108,2616517.9019999974
148,05-08-2023,05-08-2023,103307,2524674.2820000025
147,06-08-2023,06-08-2023,96307,2307768.5526000024
146,07-08-2023,07-08-2023,80080,1677660.7117999988
145,08-08-2023,08-08-2023,81338,1695835.5821000002
144,09-08-2023,09-08-2023,81432,1759757.1555000003
143,10-08-2023,10-08-2023,90726,2026783.9339999994
142,11-08-2023,11-08-2023,111605,2631462.503400001
141,12-08-2023,12-08-2023,102459,2491362.542899999
140,13-08-2023,13-08-2023,96093,2317910.200900002
139,14-08-2023,14-08-2023,77215,1601957.4448999993
138,15-08-2023,15-08-2023,79902,1638015.0592999998
137,16-08-2023,16-08-2023,80944,1724856.5438
136,17-08-2023,17-08-2023,91223,2000729.6686999993
135,18-08-2023,18-08-2023,111577,2612147.5177000007
134,19-08-2023,19-08-2023,105768,2599739.606199998
133,20-08-2023,20-08-2023,93366,2267168.0960999993
132,21-08-2023,21-08-2023,76542,1575878.265799999
131,22-08-2023,22-08-2023,78263,1608104.339399999
130,23-08-2023,23-08-2023,80147,1719746.7549000008
129,24-08-2023,24-08-2023,87363,1928955.3751000008
128,25-08-2023,25-08-2023,113797,2658877.938099997
127,26-08-2023,26-08-2023,106825,2616844.210500001
126,27-08-2023,27-08-2023,96496,2332446.6721
125,28-08-2023,28-08-2023,76767,1570022.1003000014
124,29-08-2023,29-08-2023,80646,1658487.1535000019
123,30-08-2023,30-08-2023,84214,1813053.6802999994
122,31-08-2023,31-08-2023,96616,2151033.0053000003
121,01-09-2023,01-09-2023,120071,2809946.958699997
120,02-09-2023,02-09-2023,112420,2765914.193099999
119,03-09-2023,03-09-2023,104959,2544537.5535999998
118,04-09-2023,04-09-2023,90146,2050874.266599998
117,05-09-2023,05-09-2023,76436,1525146.1962
116,06-09-2023,06-09-2023,80742,1681822.133500001
115,07-09-2023,07-09-2023,102471,2315178.5918999994
114,08-09-2023,08-09-2023,121805,2810077.431300002
113,09-09-2023,09-09-2023,116468,2880806.1696
112,10-09-2023,10-09-2023,118401,3012950.8141000005
111,11-09-2023,11-09-2023,78053,1587807.0492999996
110,12-09-2023,12-09-2023,79313,1589651.9979999985
109,13-09-2023,13-09-2023,83887,1753330.629800002
108,14-09-2023,14-09-2023,95203,2065485.6109000016
107,15-09-2023,15-09-2023,118635,2706283.2827999983
106,16-09-2023,16-09-2023,112828,2731383.201399998
105,17-09-2023,17-09-2023,113395,2785950.165500002
104,18-09-2023,18-09-2023,77979,1585046.7142999982
103,19-09-2023,19-09-2023,79524,1590090.9103000006
102,20-09-2023,20-09-2023,86078,1806023.5815999988
101,21-09-2023,21-09-2023,96114,2102041.260700001
100,22-09-2023,22-09-2023,123311,2821418.1037999983
99,23-09-2023,23-09-2023,118543,2882977.7181999995
98,24-09-2023,24-09-2023,115305,2830470.7293000002
97,25-09-2023,25-09-2023,83015,1713581.5839999998
96,26-09-2023,26-09-2023,81591,1650533.2168000012
95,27-09-2023,27-09-2023,88174,1896904.4028000005
94,28-09-2023,28-09-2023,98813,2177728.3170000017
93,29-09-2023,29-09-2023,125668,2929972.0948999994
92,30-09-2023,30-09-2023,121205,3092299.3259999976
91,01-10-2023,01-10-2023,114005,2819548.844199999
90,02-10-2023,02-10-2023,79109,1601565.1649999996
89,03-10-2023,03-10-2023,80798,1622653.8230000015
88,04-10-2023,04-10-2023,85893,1805611.9327999996
87,05-10-2023,05-10-2023,96506,2105398.4
86,06-10-2023,06-10-2023,123103,2817264.2780999993
85,07-10-2023,07-10-2023,115677,2802320.8953000014
84,08-10-2023,08-10-2023,115010,2856024.884699998
83,09-10-2023,09-10-2023,83052,1709841.8579999998
82,10-10-2023,10-10-2023,80295,1594694.4760000005
81,11-10-2023,11-10-2023,86890,1821556.7735999993
80,12-10-2023,12-10-2023,97651,2118355.8828999996
79,13-10-2023,13-10-2023,123942,2842626.6078000003
78,14-10-2023,14-10-2023,116721,2803921.021599999
77,15-10-2023,15-10-2023,110628,2665929.3287999993
76,16-10-2023,16-10-2023,83637,1722908.4750999995
75,17-10-2023,17-10-2023,81478,1634094.7488
74,18-10-2023,18-10-2023,88422,1854575.4800000014
73,19-10-2023,19-10-2023,96874,2086598.5420000006
72,20-10-2023,20-10-2023,124748,2869106.3528000005
71,21-10-2023,21-10-2023,115397,2784763.5561000006
70,22-10-2023,22-10-2023,111701,2696344.3950999994
69,23-10-2023,23-10-2023,83427,1708758.9203000003
68,24-10-2023,24-10-2023,84246,1693184.7678000014
67,25-10-2023,25-10-2023,88542,1855747.4493999996
66,26-10-2023,26-10-2023,97765,2116463.008100001
65,27-10-2023,27-10-2023,124334,2883479.4439000003
64,28-10-2023,28-10-2023,114716,2798004.4444999984
63,29-10-2023,29-10-2023,115104,2791790.2002000003
62,30-10-2023,30-10-2023,81801,1671427.1023000001
61,31-10-2023,31-10-2023,94554,2137996.615299999
60,01-11-2023,01-11-2023,92375,1968994.6702000014
59,02-11-2023,02-11-2023,95632,2062395.5136999998
58,03-11-2023,03-11-2023,126627,2883433.861
57,04-11-2023,04-11-2023,119763,2863880.405800001
56,05-11-2023,05-11-2023,111648,2693980.687300003
55,06-11-2023,06-11-2023,81702,1643600.0896000008
54,07-11-2023,07-11-2023,85610,1720401.038899999
53,08-11-2023,08-11-2023,89002,1865798.9638999992
52,09-11-2023,09-11-2023,111153,2350601.9242999987
51,10-11-2023,10-11-2023,131260,3008144.3292000005
50,11-11-2023,11-11-2023,124092,2969645.7565999986
49,12-11-2023,12-11-2023,118305,2775031.722000001
48,13-11-2023,13-11-2023,81808,1648742.8968
47,14-11-2023,14-11-2023,84622,1707733.9611000018
46,15-11-2023,15-11-2023,90163,1917004.7245000014
45,16-11-2023,16-11-2023,99818,2189053.690100002
44,17-11-2023,17-11-2023,129665,3020739.112100001
43,18-11-2023,18-11-2023,121106,2939528.597299997
42,19-11-2023,19-11-2023,116401,2846488.204100004
41,20-11-2023,20-11-2023,92637,1993312.3763000001
40,21-11-2023,21-11-2023,96380,2062668.2025999972
39,22-11-2023,22-11-2023,104019,2426595.156699999
38,23-11-2023,23-11-2023,10434,218809.1484
37,24-11-2023,24-11-2023,95452,2246790.8985999995
36,25-11-2023,25-11-2023,109850,2696882.6930000028
35,26-11-2023,26-11-2023,109730,2620969.849200002
34,27-11-2023,27-11-2023,84188,1700755.2894999988
33,28-11-2023,28-11-2023,87162,1761800.3703999997
32,29-11-2023,29-11-2023,94566,2006418.404700001
31,30-11-2023,30-11-2023,108048,2401185.903699998
30,01-12-2023,01-12-2023,135539,3143830.668599999
29,02-12-2023,02-12-2023,131977,3199626.3507
28,03-12-2023,03-12-2023,119989,2920995.425500002
27,04-12-2023,04-12-2023,89247,1811824.4452999996
26,05-12-2023,05-12-2023,91124,1853480.5510000002
25,06-12-2023,06-12-2023,96558,2046711.4046000033
24,07-12-2023,07-12-2023,106487,2320307.6705
23,08-12-2023,08-12-2023,136925,3162242.661100002
22,09-12-2023,09-12-2023,129200,3135021.7810999975
21,10-12-2023,10-12-2023,124206,3056368.1165
20,11-12-2023,11-12-2023,90452,1848925.3800000008
19,12-12-2023,12-12-2023,93492,1903771.9900000005
18,13-12-2023,13-12-2023,98504,2102188.439999999
17,14-12-2023,14-12-2023,110304,2455031.004199998
16,15-12-2023,15-12-2023,134969,3155519.0407999996
15,16-12-2023,16-12-2023,126187,3099267.472599997
14,17-12-2023,17-12-2023,121693,3003590.697899999
13,18-12-2023,18-12-2023,93307,1955120.3898999998
12,19-12-2023,19-12-2023,95714,1991933.2205
11,20-12-2023,20-12-2023,103623,2272361.3789
10,21-12-2023,21-12-2023,115004,2642657.3301999993
9,22-12-2023,22-12-2023,126740,3024770.073700001
8,23-12-2023,23-12-2023,113776,2777513.6830000044
7,24-12-2023,24-12-2023,62769,1566501.9855999998
6,25-12-2023,25-12-2023,8995,185204.12
5,26-12-2023,26-12-2023,107941,2400930.035499999
4,27-12-2023,27-12-2023,108793,2436748.0667000017
3,28-12-2023,28-12-2023,114733,2608108.1239999994
2,29-12-2023,29-12-2023,128798,3048333.0250000027
1,30-12-2023,30-12-2023,123394,3036535.0379000003
0,31-12-2023,31-12-2023,103230,2837605.738400001
